-1,-1,-1,-1,-1,-1,-1,-1,-1,-1,-1,-1,-1,-1,-1,-1,-1,-1,-1,-1,-1,-1,-1,-1,-1,-1,3.02956,3.02805,3.00248,2.99455,2.98383,2.97893,3.39457,-1,-1,-1,-1,-1,-1,-1,-1,-1,-1,-1,-1,-1,-1,3.35156,3.00604,2.98256,2.98678,3.00666,3.02353,3.03154,-1,-1,-1,-1,-1,-1,-1,-1,-1,-1,-1,-1,-1,-1,-1,-1,-1,-1,-1,-1,-1,-1,-1,-1,-1,-1
-1,-1,-1,-1,-1,-1,-1,-1,-1,-1,-1,-1,-1,-1,-1,-1,-1,-1,-1,-1,-1,-1,-1,-1,-1,-1,3.0218,3.02398,2.9986,2.98176,3.00009,2.99298,3.37716,4.86489,4.86379,4.87424,4.87047,4.83553,4.85631,4.84377,4.85798,4.84828,4.85153,4.85191,4.85292,4.86226,4.87128,3.33517,2.968,2.99581,3.00857,3.01906,3.00526,3.02864,-1,-1,-1,-1,-1,-1,-1,-1,-1,-1,-1,-1,-1,-1,-1,-1,-1,-1,-1,-1,-1,-1,-1,-1,-1,-1
-1,-1,-1,-1,-1,-1,-1,-1,-1,-1,-1,-1,-1,-1,-1,-1,-1,-1,-1,-1,-1,-1,-1,-1,-1,3.92682,3.02079,3.00496,2.98473,2.96251,2.97586,2.97642,3.36265,3.89701,3.88929,3.8908,3.86867,3.86268,3.85658,3.86824,3.87521,3.8594,3.85579,3.87789,3.86543,3.88058,3.87836,3.32708,2.95519,2.9702,2.98954,3.00463,2.99793,3.00275,3.93191,-1,-1,-1,-1,-1,-1,-1,-1,-1,-1,-1,-1,-1,-1,-1,-1,-1,-1,-1,-1,-1,-1,-1,-1,-1
-1,-1,-1,-1,-1,-1,-1,-1,-1,-1,-1,-1,-1,-1,-1,-1,-1,-1,-1,-1,-1,-1,-1,-1,3.67426,3.76601,2.95889,2.94998,2.93059,2.91108,2.89415,2.92241,3.66087,3.65261,3.65042,3.62325,3.6146,3.6334,3.63807,3.62169,3.61485,3.61839,3.62671,3.63132,3.63949,3.62641,3.63474,3.31914,2.93815,2.93429,2.91908,2.91746,2.94557,2.96768,3.71323,3.6517,-1,-1,-1,-1,-1,-1,-1,-1,-1,-1,-1,-1,-1,-1,-1,-1,-1,-1,-1,-1,-1,-1,-1,-1
-1,-1,-1,-1,-1,-1,-1,-1,-1,-1,-1,-1,-1,-1,-1,-1,-1,-1,-1,-1,-1,-1,-1,-1,-1,2.87726,2.858,2.85313,2.84698,2.83181,2.84587,2.91718,3.8476,3.84678,3.84345,3.82727,3.84029,3.84502,3.82915,3.82414,3.81404,3.81885,3.82578,3.81814,3.81317,3.8402,3.83149,3.8222,3.10769,2.83867,2.82328,2.84326,2.8488,2.8734,2.86657,-1,-1,-1,-1,-1,-1,-1,-1,-1,-1,-1,-1,-1,-1,-1,-1,-1,-1,-1,-1,-1,-1,-1,-1,-1
-1,-1,-1,-1,-1,-1,-1,-1,-1,-1,-1,-1,-1,-1,-1,-1,-1,-1,-1,-1,-1,-1,-1,-1,-1,2.77507,2.76443,2.75026,2.75011,2.72848,2.71515,3.08605,-1,-1,-1,-1,-1,-1,-1,-1,-1,-1,-1,-1,-1,-1,-1,-1,3.06783,2.73756,2.7346,2.7498,2.7342,2.75982,2.78017,-1,-1,-1,-1,-1,-1,-1,-1,-1,-1,-1,-1,-1,-1,-1,-1,-1,-1,-1,-1,-1,-1,-1,-1,-1
-1,-1,-1,-1,-1,-1,-1,-1,-1,-1,-1,-1,-1,-1,-1,-1,-1,-1,-1,-1,-1,-1,-1,-1,2.61893,2.6266,2.61897,2.58864,2.60523,2.60946,2.60779,2.97908,-1,-1,-1,-1,-1,-1,-1,-1,-1,-1,-1,-1,-1,-1,-1,-1,2.97046,2.60697,2.59067,2.62479,2.62421,2.61098,2.62116,2.64272,-1,-1,-1,-1,-1,-1,-1,-1,-1,-1,-1,-1,-1,-1,-1,-1,-1,-1,-1,-1,-1,-1,-1,-1
-1,-1,-1,-1,-1,-1,-1,-1,-1,-1,-1,-1,-1,-1,-1,-1,-1,-1,-1,-1,-1,-1,-1,2.56432,2.54895,2.54525,2.51674,2.51908,2.48677,2.4991,2.62306,-1,-1,-1,-1,-1,-1,-1,-1,-1,-1,-1,-1,-1,-1,-1,-1,-1,-1,2.86532,2.49032,2.50047,2.50438,2.51885,2.52884,2.54285,2.56033,-1,-1,-1,-1,-1,-1,-1,-1,-1,-1,-1,-1,-1,-1,-1,-1,-1,-1,-1,-1,-1,-1,-1
-1,-1,-1,-1,-1,-1,-1,-1,-1,-1,-1,-1,-1,-1,-1,-1,-1,-1,-1,-1,-1,-1,-1,2.41377,2.40811,2.4172,2.39908,2.37791,2.37466,2.37532,2.7573,-1,-1,-1,-1,-1,-1,-1,-1,-1,-1,-1,-1,-1,-1,-1,-1,-1,-1,2.75398,2.38037,2.3775,2.38597,2.38462,2.40051,2.42296,2.44393,-1,-1,-1,-1,-1,-1,-1,-1,-1,-1,-1,-1,-1,-1,-1,-1,-1,-1,-1,-1,-1,-1,-1
-1,-1,-1,-1,-1,-1,-1,-1,-1,-1,-1,-1,-1,-1,-1,-1,-1,-1,-1,-1,-1,-1,2.31386,2.30116,2.31264,2.28186,2.27017,2.26799,2.25025,2.36687,-1,-1,-1,-1,-1,-1,-1,-1,-1,-1,-1,-1,-1,-1,-1,-1,-1,-1,-1,-1,2.37398,2.24034,2.26772,2.27088,2.28736,2.29754,2.29053,2.3236,-1,-1,-1,-1,-1,-1,-1,-1,-1,-1,-1,-1,-1,-1,-1,-1,-1,-1,-1,-1,-1,-1
-1,-1,-1,-1,-1,-1,-1,-1,-1,-1,-1,-1,-1,-1,-1,-1,-1,-1,-1,-1,-1,2.23933,2.21915,2.22474,2.21165,2.21452,2.1739,2.16185,2.17691,3.01953,-1,-1,-1,-1,-1,-1,-1,-1,-1,-1,-1,-1,-1,-1,-1,-1,-1,-1,-1,-1,2.99159,2.1771,2.17798,2.18621,2.18675,2.19898,2.2181,2.24868,2.24183,-1,-1,-1,-1,-1,-1,-1,-1,-1,-1,-1,-1,-1,-1,-1,-1,-1,-1,-1,-1,-1
-1,-1,-1,-1,-1,-1,-1,-1,-1,-1,-1,-1,-1,-1,-1,-1,-1,-1,-1,-1,2.18056,2.15227,2.14813,2.14399,2.129,2.11792,2.11747,2.0997,2.15576,3.01156,-1,-1,-1,-1,-1,-1,-1,-1,-1,-1,-1,-1,-1,-1,-1,-1,-1,-1,-1,-1,2.9933,2.18012,2.09253,2.10573,2.12361,2.13357,2.1293,2.14684,2.15378,2.17144,-1,-1,-1,-1,-1,-1,-1,-1,-1,-1,-1,-1,-1,-1,-1,-1,-1,-1,-1,-1
-1,-1,-1,-1,-1,-1,-1,-1,-1,-1,-1,-1,-1,-1,-1,-1,-1,-1,-1,2.05309,2.04385,2.01862,2.01489,1.99297,1.98333,1.96742,1.96114,1.99792,2.75627,-1,-1,-1,-1,-1,-1,-1,-1,-1,-1,-1,-1,-1,-1,-1,-1,-1,-1,-1,-1,-1,-1,2.74699,1.99901,1.97218,1.9834,1.99081,1.99715,2.00614,2.03619,2.05068,2.05263,-1,-1,-1,-1,-1,-1,-1,-1,-1,-1,-1,-1,-1,-1,-1,-1,-1,-1,-1
-1,-1,-1,-1,-1,-1,-1,-1,-1,-1,-1,-1,-1,-1,-1,-1,-1,-1,1.94867,1.93588,1.9372,1.93981,1.88051,1.90683,1.87396,1.86191,1.87825,1.98005,2.7415,-1,-1,-1,-1,-1,-1,-1,-1,-1,-1,-1,-1,-1,-1,-1,-1,-1,-1,-1,-1,-1,-1,2.74506,2.0039,1.86547,1.87731,1.88967,1.91453,1.91931,1.93238,1.92435,1.93754,1.95653,-1,-1,-1,-1,-1,-1,-1,-1,-1,-1,-1,-1,-1,-1,-1,-1,-1,-1
-1,-1,-1,-1,-1,-1,-1,-1,-1,-1,-1,-1,-1,-1,-1,-1,-1,1.87385,1.84683,1.84016,1.83354,1.81897,1.81137,1.79436,1.77462,1.78536,1.86119,2.54242,2.76294,-1,-1,-1,-1,-1,-1,-1,-1,-1,-1,-1,-1,-1,-1,-1,-1,-1,-1,-1,-1,-1,-1,2.71781,2.50884,1.84213,1.79276,1.78021,1.79047,1.8033,1.82093,1.80112,1.84965,1.85365,1.83916,-1,-1,-1,-1,-1,-1,-1,-1,-1,-1,-1,-1,-1,-1,-1,-1,-1
-1,-1,-1,-1,-1,-1,-1,-1,-1,-1,-1,-1,-1,-1,-1,-1,1.77029,1.74815,1.73783,1.725,1.71794,1.70707,1.69636,1.69872,1.6853,1.72635,2.07961,2.06564,-1,-1,-1,-1,-1,-1,-1,-1,-1,-1,-1,-1,-1,-1,-1,-1,-1,-1,-1,-1,-1,-1,-1,-1,2.07717,2.06608,1.72246,1.70378,1.70241,1.69526,1.70931,1.72176,1.73204,1.74362,1.75306,1.76819,-1,-1,-1,-1,-1,-1,-1,-1,-1,-1,-1,-1,-1,-1,-1,-1
-1,-1,-1,-1,-1,-1,-1,-1,-1,-1,-1,-1,-1,-1,1.71317,1.70287,1.66956,1.66286,1.64842,1.64292,1.62369,1.61391,1.60375,1.60132,1.62312,2.00201,1.9924,2.53511,-1,-1,-1,-1,-1,-1,-1,-1,-1,-1,-1,-1,-1,-1,-1,-1,-1,-1,-1,-1,-1,-1,-1,-1,2.51875,1.97421,1.9875,1.60479,1.60528,1.59352,1.58685,1.62086,1.63345,1.6546,1.6437,1.67391,1.70794,1.70793,-1,-1,-1,-1,-1,-1,-1,-1,-1,-1,-1,-1,-1,-1
-1,-1,-1,-1,-1,-1,-1,-1,-1,-1,-1,-1,-1,1.61737,1.59781,1.57667,1.58073,1.55505,1.55284,1.52095,1.52202,1.51625,1.52084,1.52182,1.60644,1.91405,1.89281,-1,-1,-1,-1,-1,-1,-1,-1,-1,-1,-1,-1,-1,-1,-1,-1,-1,-1,-1,-1,-1,-1,-1,-1,-1,-1,1.90048,1.89938,1.62302,1.51575,1.48646,1.51919,1.53331,1.53558,1.55239,1.56113,1.58149,1.59501,1.58631,1.61307,-1,-1,-1,-1,-1,-1,-1,-1,-1,-1,-1,-1,-1
-1,-1,-1,-1,-1,-1,-1,-1,-1,-1,-1,-1,1.50922,1.51461,1.51741,1.50576,1.48636,1.45526,1.45603,1.44848,1.42448,1.43153,1.42492,1.53866,1.82642,1.80765,2.35432,-1,-1,-1,-1,-1,-1,-1,-1,-1,-1,-1,-1,-1,-1,-1,-1,-1,-1,-1,-1,-1,-1,-1,-1,-1,-1,2.34014,1.80254,1.82039,1.52031,1.42855,1.42269,1.44708,1.44818,1.45675,1.45228,1.47709,1.49749,1.48705,1.51763,1.54091,-1,-1,-1,-1,-1,-1,-1,-1,-1,-1,-1,-1
-1,-1,-1,-1,-1,-1,-1,-1,-1,-1,1.41611,1.40907,1.38441,1.37852,1.3754,1.36108,1.3764,1.33701,1.32679,1.33047,1.33548,1.36347,1.43187,1.70028,1.6896,2.19243,-1,-1,-1,-1,-1,-1,-1,-1,-1,-1,-1,-1,-1,-1,-1,-1,-1,-1,-1,-1,-1,-1,-1,-1,-1,-1,-1,-1,2.17749,1.69621,1.68458,1.42882,1.36719,1.31662,1.32893,1.31254,1.33009,1.37493,1.37449,1.37986,1.39388,1.37386,1.40719,1.42955,-1,-1,-1,-1,-1,-1,-1,-1,-1,-1
-1,-1,-1,-1,-1,-1,-1,-1,1.35369,1.32794,1.32473,1.31305,1.29746,1.30483,1.28267,1.26576,1.25375,1.23502,1.23062,1.23708,1.29929,1.61776,1.61799,1.60635,2.05545,2.18452,-1,-1,-1,-1,-1,-1,-1,-1,-1,-1,-1,-1,-1,-1,-1,-1,-1,-1,-1,-1,-1,-1,-1,-1,-1,-1,-1,-1,2.19341,2.04293,1.58579,1.62177,1.6192,1.28754,1.23415,1.24878,1.25612,1.26159,1.25256,1.2534,1.26547,1.30244,1.303,1.31531,1.33663,1.35607,-1,-1,-1,-1,-1,-1,-1,-1
-1,-1,-1,-1,-1,1.2823,1.2722,1.266,1.25232,1.24808,1.22672,1.19719,1.18676,1.19235,1.18564,1.15859,1.14665,1.1537,1.17765,1.22781,1.552,1.54971,1.5287,1.93639,2.05006,-1,-1,-1,-1,-1,-1,-1,-1,-1,-1,-1,-1,-1,-1,-1,-1,-1,-1,-1,-1,-1,-1,-1,-1,-1,-1,-1,-1,-1,-1,2.04283,1.93933,1.5157,1.52744,1.55984,1.2331,1.16284,1.15883,1.15068,1.17227,1.17866,1.18525,1.19559,1.21749,1.22508,1.23389,1.25021,1.27112,1.28605,1.29102,-1,-1,-1,-1,-1
-1,-1,-1,1.2124,1.20291,1.18744,1.1886,1.15299,1.12678,1.14796,1.12284,1.12428,1.1355,1.11738,1.10933,1.07775,1.08602,1.13623,1.17613,1.47243,1.49284,1.44166,1.82353,1.93756,-1,-1,-1,-1,-1,-1,-1,-1,-1,-1,-1,-1,-1,-1,-1,-1,-1,-1,-1,-1,-1,-1,-1,-1,-1,-1,-1,-1,-1,-1,-1,2.04408,1.93824,1.43366,1.4608,1.45778,1.47426,1.18494,1.15703,1.08645,1.08562,1.10476,1.08986,1.1139,1.12344,1.1175,1.16383,1.16528,1.16759,1.21468,1.1841,1.19467,1.22225,-1,-1,-1
1.14372,1.11854,1.13189,1.10093,1.08065,1.08762,1.05395,1.03697,1.05457,1.0372,1.01245,1.01597,0.981423,0.999913,0.998917,1.04227,1.09074,1.40003,1.36052,1.35224,1.35126,1.72101,1.83491,1.92583,-1,-1,-1,-1,-1,-1,-1,-1,-1,-1,-1,-1,-1,-1,-1,-1,-1,-1,-1,-1,-1,-1,-1,-1,-1,-1,-1,-1,-1,-1,-1,-1,1.9298,1.81067,1.73862,1.34177,1.36756,1.36671,1.3817,1.07008,1.04391,1.01416,0.977535,0.991316,1.00949,1.01422,1.01821,1.03107,1.02923,1.0663,1.06713,1.08167,1.12248,1.11656,1.1513,1.14722
1.01994,1.01325,0.983656,0.967149,0.977265,0.949491,0.961449,0.919154,0.914937,0.913001,0.89509,0.88943,0.938417,0.975577,0.997912,1.30034,1.27519,1.27915,1.26546,1.26717,1.62282,1.73555,1.81772,-1,-1,-1,-1,-1,-1,-1,-1,-1,-1,-1,-1,-1,-1,-1,-1,-1,-1,-1,-1,-1,-1,-1,-1,-1,-1,-1,-1,-1,-1,-1,-1,-1,-1,1.81139,1.70372,1.64517,1.255,1.26931,1.26429,1.3044,1.28247,0.988405,0.9682,0.928792,0.921499,0.915818,0.911376,0.922519,0.939779,0.944995,0.951992,0.947441,0.957894,0.983001,1.01326,1.01654
1.14495,1.10059,1.09606,1.09997,1.06676,1.04082,1.05511,1.01943,1.02213,1.0143,1.00123,0.979792,0.959341,0.961674,0.984404,0.967441,0.981934,0.948774,0.952765,0.944723,0.942202,0.932041,0.915061,0.917327,0.913785,0.910042,0.919441,0.915724,0.893718,0.930727,0.879111,0.891183,0.872833,0.88972,0.896633,0.910738,0.867152,0.888381,0.884086,0.894432,0.895407,0.879187,0.887416,0.895757,0.877267,0.906901,0.890492,0.892308,0.886776,0.914938,0.909414,0.904455,0.913068,0.923845,0.91761,0.908853,0.926855,0.951049,0.916738,0.947663,0.942397,0.951381,0.96107,0.945392,0.986302,0.971001,0.974359,0.970123,0.984486,0.995501,0.98603,1.01898,1.02066,1.03527,1.04769,1.04644,1.08874,1.0806,1.11499,1.13486
1.53441,1.54782,1.5946,1.64007,1.6719,1.71967,1.77319,1.81654,1.86897,1.92058,1.98029,2.02558,2.08948,2.16756,2.27052,1.70632,1.69058,1.67831,1.64174,1.65161,1.65713,1.64413,1.63035,1.61345,1.60514,1.70741,2.40526,2.41244,2.38252,2.38338,2.39258,2.37677,2.36173,2.3408,2.36785,2.33414,2.35408,2.34138,2.34384,2.33621,2.33565,2.34675,2.34672,2.34857,2.34282,2.36461,2.35282,2.35989,2.36165,2.37498,2.35863,2.37876,2.40804,2.40547,1.78177,1.65382,1.6122,1.63098,1.63353,1.64823,1.63634,1.64493,1.67451,1.68978,1.70597,1.69095,2.23073,2.16471,2.10937,2.01761,1.93459,1.90909,1.86556,1.78721,1.74041,1.70108,1.66819,1.62106,1.60802,1.56096
1.52217,1.53421,1.58611,1.6349,1.64896,1.68443,1.74395,1.78633,1.83574,1.88613,1.95667,2.00355,2.04782,2.15735,2.21141,2.31326,2.39948,2.46531,2.4382,1.97499,1.96179,1.96522,1.94495,1.94313,1.91931,1.93073,1.92469,1.90223,2.07792,2.29879,2.30923,2.30162,2.27692,2.27979,2.26869,2.26209,2.26246,2.26937,2.26099,2.26086,2.24943,2.24701,2.25912,2.25768,2.26813,2.28107,2.28948,2.2883,2.29168,2.30265,2.29739,2.31742,2.12803,1.96709,1.9245,1.92344,1.92997,1.97323,1.96942,1.97047,1.99068,1.99744,2.44427,2.48137,2.44147,2.33206,2.23764,2.19121,2.11617,2.0333,1.98382,1.95221,1.85835,1.83876,1.79455,1.72872,1.68201,1.65014,1.62461,1.57925
1.47287,1.51519,1.53638,1.58523,1.6267,1.66222,1.71738,1.74841,1.79405,1.8602,1.91519,1.95718,2.02961,2.1191,2.17922,2.25533,2.34724,2.44402,2.55085,2.65287,2.77991,2.91958,3.07789,3.22555,3.42757,3.6616,3.90293,4.20526,4.54857,4.94068,-1,-1,-1,-1,-1,-1,-1,-1,-1,-1,-1,-1,-1,-1,-1,-1,-1,-1,-1,-1,-1,-1,4.8965,4.51315,4.2061,3.90867,3.67998,3.4873,3.28329,3.11051,2.96822,2.83537,2.7069,2.61017,2.49949,2.40117,2.31075,2.22236,2.14119,2.08189,2.02265,1.95292,1.90479,1.86277,1.81335,1.76137,1.69653,1.6984,1.64328,1.62284
1.46283,1.50388,1.54947,1.58998,1.60867,1.65843,1.68439,1.72675,1.80207,1.84102,1.87972,1.95686,2.02566,2.05849,2.13432,2.22703,2.31454,2.40961,2.51674,2.61826,2.75466,2.89157,3.03288,3.20292,3.38459,3.60095,3.85095,4.1592,4.48143,4.87434,-1,-1,-1,-1,-1,-1,-1,-1,-1,-1,-1,-1,-1,-1,-1,-1,-1,-1,-1,-1,-1,-1,4.9842,4.60653,4.2442,3.98388,3.73001,3.51357,3.30967,3.13304,2.99247,2.84918,2.72593,2.6163,2.51816,2.43048,2.32969,2.24466,2.18931,2.11042,2.02978,1.98507,1.91413,1.86442,1.82853,1.79323,1.74285,1.68554,1.64744,1.61929
1.45773,1.48863,1.54884,1.56361,1.60884,1.63287,1.6985,1.71793,1.77016,1.80384,1.88152,1.94664,1.97766,2.04044,2.12146,2.18784,2.29506,2.37301,2.47734,2.57998,2.72092,2.84336,2.99406,3.14407,3.34252,3.55183,3.77884,4.0731,4.39131,4.76677,-1,-1,-1,-1,-1,-1,-1,-1,-1,-1,-1,-1,-1,-1,-1,-1,-1,-1,-1,-1,-1,-1,-1,4.70624,4.34517,4.04375,3.79318,3.56208,3.37652,3.20263,3.03819,2.90478,2.77478,2.64247,2.55118,2.45811,2.36448,2.27259,2.17762,2.13037,2.05656,2.00696,1.95759,1.89324,1.85109,1.78897,1.75211,1.70708,1.6735,1.63209
1.55654,1.59306,1.6266,1.66947,1.71379,1.74643,1.81191,1.84865,1.9071,1.95533,2.00654,2.08981,2.15665,2.22546,2.3028,2.39078,2.48996,2.59247,2.72416,2.8553,2.99265,3.15395,3.30951,3.52523,3.74207,3.98169,4.30573,4.63993,-1,-1,-1,-1,-1,-1,-1,-1,-1,-1,-1,-1,-1,-1,-1,-1,-1,-1,-1,-1,-1,-1,-1,4.79629,4.42984,4.1191,3.83821,3.60997,3.40106,3.2115,3.03444,2.89543,2.76968,2.65574,2.52107,2.44274,2.34264,2.25671,2.17237,2.08721,2.04919,1.9732,1.90538,1.87283,1.80842,1.77804,1.72199,1.68346,1.65275,1.61098,1.57402,1.55063
1.53653,1.54242,1.59288,1.62099,1.66768,1.703,1.76063,1.78548,1.8456,1.91241,1.95161,2.01827,2.08928,2.16905,2.23358,2.32385,2.42768,2.52388,2.65785,2.75206,2.87369,3.0556,3.21487,3.3845,3.62128,3.85634,4.1151,4.46322,4.8485,-1,-1,-1,-1,-1,-1,-1,-1,-1,-1,-1,-1,-1,-1,-1,-1,-1,-1,-1,-1,-1,-1,4.99853,4.62483,4.27415,3.96897,3.73194,3.52064,3.3142,3.15826,2.99347,2.87643,2.71821,2.60699,2.50428,2.40873,2.31093,2.23663,2.14571,2.0762,2.03485,1.96034,1.90327,1.84126,1.79972,1.75698,1.70872,1.68258,1.64768,1.62363,1.56826
1.50252,1.55045,1.5619,1.62917,1.64233,1.68681,1.7385,1.79664,1.82289,1.87648,1.92541,2.00025,2.06609,2.13551,2.22643,2.29645,2.38844,2.48981,2.60072,2.73553,2.8365,2.98865,3.15131,3.32734,3.56162,3.78748,4.0505,4.34962,4.74259,-1,-1,-1,-1,-1,-1,-1,-1,-1,-1,-1,-1,-1,-1,-1,-1,-1,-1,-1,-1,-1,-1,-1,4.70595,4.37807,4.05663,3.83759,3.56366,3.36291,3.17581,3.05197,2.884,2.7625,2.66811,2.5263,2.43383,2.372,2.24621,2.17873,2.10785,2.05901,1.98852,1.92341,1.88742,1.83942,1.78982,1.73026,1.71419,1.64395,1.60508,1.5848
1.65541,1.67765,1.72691,1.77034,1.81707,1.88027,1.92483,1.98146,2.03339,2.08756,2.16649,2.26067,2.33492,2.40823,2.50277,2.60904,2.72272,2.84737,2.9772,3.11995,3.28238,3.49189,3.69195,3.93374,4.21428,4.52276,4.92084,-1,-1,-1,-1,-1,-1,-1,-1,-1,-1,-1,-1,-1,-1,-1,-1,-1,-1,-1,-1,-1,-1,4.93253,4.53795,4.19276,3.91699,3.65537,3.4248,3.23183,3.02372,2.8983,2.76294,2.63558,2.52915,2.41893,2.32047,2.22991,2.14935,2.06962,2.00225,1.94756,1.89979,1.84414,1.77868,1.74477,1.70146,1.64976,1.6119,1.5897,1.5309,1.51196,1.47527,1.43724
1.64545,1.67438,1.70444,1.76413,1.79978,1.86097,1.88812,1.95171,2.01932,2.0844,2.14341,2.23282,2.30289,2.40518,2.48461,2.58988,2.72035,2.80693,2.94753,3.10694,3.26448,3.47916,3.68326,3.89304,4.16637,4.48247,4.86075,-1,-1,-1,-1,-1,-1,-1,-1,-1,-1,-1,-1,-1,-1,-1,-1,-1,-1,-1,-1,-1,-1,4.99201,4.57395,4.24902,3.94741,3.69814,3.44531,3.25927,3.09245,2.93444,2.78092,2.66752,2.542,2.42935,2.34055,2.27575,2.18239,2.10168,2.03514,1.96724,1.90901,1.84721,1.78716,1.74543,1.69963,1.67846,1.62412,1.57821,1.54563,1.51376,1.47608,1.45323
1.64713,1.6733,1.7068,1.76454,1.7959,1.86902,1.91305,1.93939,2.01736,2.04793,2.14165,2.21604,2.28351,2.38743,2.48947,2.57551,2.68979,2.78706,2.94237,3.08689,3.26249,3.43085,3.6592,3.87263,4.14236,4.46695,4.66665,4.64868,4.6214,4.6259,4.61873,4.61036,4.60065,4.5898,4.58261,4.56492,4.56272,4.57863,4.55363,4.58559,4.56917,4.59319,4.57921,4.60288,4.59882,4.61983,4.6035,4.62301,4.64977,4.66264,4.61288,4.28268,3.95735,3.70228,3.4859,3.26784,3.09551,2.96696,2.79996,2.66436,2.55948,2.44581,2.34754,2.26821,2.18249,2.11742,2.02388,1.97816,1.90916,1.83688,1.81475,1.75178,1.69668,1.66206,1.63672,1.59531,1.54953,1.52408,1.50103,1.46846
1.61384,1.64172,1.69109,1.74819,1.76358,1.8514,1.88608,1.91358,1.97816,2.0256,2.10527,2.19692,2.26491,2.32116,2.43463,2.52915,2.63499,2.7428,2.88219,3.02419,3.22139,3.38462,3.56306,3.77681,4.04322,4.34075,4.43481,4.41141,4.39283,4.41292,4.3671,4.33989,4.34953,4.33021,4.3419,4.33256,4.31963,4.31408,4.32267,4.32096,4.3318,4.32523,4.31663,4.33313,4.33772,4.34349,4.35308,4.37733,4.38205,4.39577,4.40885,4.37542,4.04637,3.79891,3.56226,3.34321,3.17367,3.01092,2.84568,2.71096,2.61546,2.48649,2.39253,2.29966,2.20962,2.13158,2.06514,1.99834,1.91492,1.89204,1.8164,1.79529,1.73011,1.70501,1.65453,1.59374,1.58175,1.53345,1.50422,1.45854
1.62755,1.66075,1.69537,1.72653,1.78085,1.82458,1.8789,1.93615,1.97783,2.05077,2.09839,2.19512,2.25061,2.34681,2.41673,2.52708,2.62035,2.74132,2.88188,3.02656,3.17058,3.336,3.54441,3.79902,4.03095,4.23053,4.21023,4.21827,4.19093,4.1723,4.16947,4.13513,4.15546,4.14636,4.12951,4.12676,4.13512,4.12776,4.12521,4.12364,4.1396,4.11521,4.12713,4.1218,4.12996,4.14294,4.1766,4.18752,4.16927,4.17169,4.21751,4.22433,4.07335,3.8177,3.58658,3.36971,3.17982,3.01316,2.86975,2.72968,2.60585,2.51077,2.43097,2.32119,2.22611,2.16906,2.07446,2.00785,1.9288,1.87015,1.83619,1.78693,1.74299,1.68904,1.64344,1.61352,1.5642,1.53613,1.52265,1.47691
1.49903,1.50888,1.54953,1.60771,1.64463,1.68561,1.72521,1.77886,1.82513,1.88065,1.93936,1.99007,2.07207,2.14371,2.20654,2.30472,2.37207,2.46748,2.60503,2.71583,2.85414,2.98904,3.1581,3.32281,3.55455,3.77571,3.88102,3.86016,3.85169,3.83858,3.82156,3.81028,3.81189,3.78326,3.77879,3.80023,3.78502,3.78768,3.77523,3.78611,3.76158,3.77684,3.78279,3.79649,3.80466,3.80972,3.79406,3.82196,3.83082,3.84657,3.86029,3.8805,3.87635,3.89814,3.89943,3.82093,3.59702,3.3725,3.19448,3.03839,2.91664,2.76513,2.6478,2.52161,2.44031,2.32925,2.29739,2.18491,2.13626,2.05303,1.98716,1.95821,1.8648,1.84791,1.78374,1.74169,1.70783,1.65542,1.62113,1.56956
1.4879,1.51148,1.56273,1.57535,1.62066,1.67277,1.70161,1.74171,1.79362,1.8541,1.90632,1.97549,2.03667,2.09868,2.17899,2.2487,2.34634,2.44142,2.5448,2.65052,2.77619,2.91896,3.06869,3.2585,3.43748,3.67758,3.77838,3.77253,3.75385,3.73099,3.71639,3.73444,3.70125,3.70908,3.69481,3.67695,3.66455,3.68012,3.66638,3.6713,3.67929,3.66378,3.67156,3.67545,3.67203,3.66157,3.68219,3.68222,3.71899,3.72381,3.71195,3.73221,3.74215,3.76541,3.79004,3.79133,3.66934,3.45575,3.26676,3.12404,2.95562,2.82941,2.69594,2.61111,2.48441,2.40487,2.31617,2.21866,2.14886,2.09945,2.0148,1.96379,1.9096,1.8552,1.81397,1.74678,1.72049,1.70191,1.65311,1.61355
1.48658,1.51375,1.53723,1.55692,1.60809,1.65461,1.68595,1.74167,1.77937,1.83536,1.89057,1.94624,1.99649,2.07152,2.15161,2.23553,2.32723,2.42283,2.49537,2.63099,2.74632,2.89198,3.04835,3.21981,3.41799,3.63022,3.8564,3.82915,3.83572,3.80289,3.77259,3.7503,3.77619,3.75199,3.75729,3.72334,3.73199,3.72315,3.73824,3.72386,3.71003,3.72473,3.7318,3.72502,3.73278,3.73604,3.75724,3.75121,3.76564,3.76636,3.7887,3.80399,3.79824,3.82811,3.84094,3.86889,3.70979,3.50433,3.30241,3.13325,3.01057,2.84501,2.74643,2.59354,2.51955,2.41421,2.33275,2.24972,2.16682,2.10257,2.02335,1.96657,1.90016,1.87198,1.82455,1.77198,1.74208,1.69808,1.65779,1.62886
1.44455,1.50405,1.52344,1.56176,1.60806,1.63682,1.66116,1.73183,1.78965,1.82863,1.87456,1.95435,2.02124,2.08959,2.15021,2.24654,2.29521,2.42284,2.52994,2.63724,2.75867,2.88695,3.05079,3.2284,3.42436,3.62741,3.81874,3.79327,3.7795,3.7603,3.75355,3.74049,3.72199,3.724,3.70317,3.70831,3.72092,3.70321,3.68817,3.70338,3.69097,3.70079,3.6815,3.69558,3.69871,3.71236,3.74448,3.74296,3.73598,3.73004,3.74561,3.75517,3.78299,3.78724,3.8147,3.82052,3.70877,3.50221,3.30715,3.14836,2.98641,2.84925,2.71749,2.60559,2.49582,2.41475,2.32464,2.24909,2.17139,2.09377,2.03021,1.96687,1.92412,1.86745,1.80552,1.7873,1.73566,1.69778,1.65805,1.61596
1.45112,1.51076,1.53626,1.559,1.59998,1.65818,1.69878,1.73438,1.80848,1.84067,1.87617,1.94403,1.99433,2.08377,2.13573,2.2225,2.3172,2.3969,2.51451,2.62933,2.73872,2.88569,3.05607,3.22377,3.4216,3.63154,3.72481,3.6935,3.69713,3.66156,3.65152,3.65648,3.65642,3.63693,3.63769,3.63229,3.61076,3.61633,3.60196,3.60345,3.59802,3.6041,3.6199,3.61942,3.6176,3.63266,3.6203,3.63111,3.63131,3.66434,3.65626,3.66529,3.70393,3.70461,3.71674,3.73019,3.70142,3.49771,3.33065,3.1366,2.97663,2.88409,2.73353,2.62174,2.50789,2.4248,2.32405,2.253,2.20625,2.10494,2.04111,1.98183,1.92897,1.87131,1.82124,1.78923,1.72225,1.70939,1.64814,1.6317
1.48566,1.48895,1.53478,1.55533,1.60404,1.64816,1.68661,1.73163,1.77372,1.81744,1.89703,1.95535,2.01859,2.05161,2.14797,2.21984,2.30804,2.42271,2.53008,2.64548,2.75311,2.88307,3.04975,3.21977,3.39417,3.63327,3.66689,3.66169,3.64005,3.62407,3.62426,3.59687,3.58689,3.5826,3.58161,3.5733,3.5709,3.56835,3.55323,3.57932,3.55617,3.55495,3.56384,3.55303,3.57688,3.55314,3.57778,3.58528,3.58525,3.60042,3.61993,3.63767,3.63989,3.63383,3.66286,3.69425,3.69968,3.52397,3.32264,3.14216,2.97815,2.85183,2.72825,2.60573,2.49296,2.41583,2.33293,2.24831,2.18091,2.11378,2.04734,1.97834,1.92197,1.85289,1.8253,1.77128,1.74866,1.70052,1.65945,1.61815
1.47095,1.49185,1.52332,1.57308,1.63918,1.64603,1.66914,1.72544,1.7617,1.81004,1.87991,1.95297,2.00152,2.06233,2.14855,2.23321,2.30418,2.41568,2.51974,2.60738,2.74236,2.87478,3.02683,3.20537,3.39331,3.62596,3.76777,3.71871,3.71386,3.7027,3.69614,3.69066,3.67134,3.65956,3.64263,3.65955,3.64912,3.63722,3.64938,3.63908,3.6169,3.63647,3.64488,3.64838,3.63361,3.65051,3.64864,3.66782,3.67198,3.69093,3.70934,3.70931,3.72706,3.73776,3.74296,3.76512,3.7308,3.51593,3.32713,3.15729,2.98877,2.86363,2.72021,2.62597,2.51997,2.4283,2.32171,2.24964,2.17929,2.10145,2.05407,1.98701,1.92265,1.87774,1.82079,1.78149,1.72223,1.69965,1.6498,1.61676
1.43984,1.49692,1.52576,1.55968,1.59916,1.62961,1.66967,1.70697,1.76945,1.81917,1.88633,1.93741,1.97634,2.06809,2.12898,2.20894,2.29087,2.40272,2.48068,2.59134,2.71531,2.86076,3.00758,3.15543,3.36731,3.59626,3.80957,4.12351,4.12294,4.10053,4.0949,4.07006,4.05514,4.04229,4.03444,4.02519,4.01299,4.01371,4.02967,4.01294,4.00744,4.0083,4.00911,4.01155,4.02016,4.03023,4.04682,4.03598,4.03431,4.04026,4.06699,4.06055,4.0909,4.11925,4.13453,4.00112,3.76327,3.55158,3.35275,3.16708,3.00967,2.87476,2.74608,2.65291,2.54573,2.44064,2.34466,2.2667,2.18926,2.12851,2.06639,2.01294,1.94551,1.87675,1.83918,1.77378,1.75208,1.71037,1.66678,1.61922
1.43093,1.4639,1.5,1.54369,1.56946,1.60803,1.65431,1.69865,1.74651,1.79438,1.83511,1.91437,1.9788,2.03584,2.09897,2.16536,2.26515,2.35171,2.43917,2.55469,2.68263,2.80768,2.95852,3.12256,3.2959,3.50178,3.7573,4.02393,4.34616,4.53927,4.51691,4.52013,4.49379,4.48153,4.46775,4.47192,4.47637,4.45241,4.4298,4.45419,4.4549,4.45008,4.45497,4.46432,4.45356,4.47883,4.46403,4.47874,4.47298,4.49044,4.49754,4.53545,4.54142,4.56104,4.38354,4.09688,3.84248,3.61173,3.42136,3.23861,3.06851,2.92707,2.80315,2.68752,2.56863,2.47565,2.37803,2.30623,2.237,2.14409,2.10012,2.01315,1.95881,1.91529,1.86535,1.8184,1.78656,1.72575,1.68805,1.6525
1.42227,1.46881,1.50566,1.52264,1.57489,1.59473,1.63466,1.70343,1.71829,1.77179,1.83022,1.90072,1.94718,2.01759,2.09148,2.15241,2.24882,2.34496,2.43945,2.52369,2.66952,2.81131,2.93923,3.09929,3.28461,3.50405,3.70511,3.9905,4.31944,4.44113,4.41388,4.4338,4.41071,4.39776,4.38699,4.36417,4.37428,4.37326,4.35342,4.36192,4.33958,4.37682,4.34947,4.36233,4.36423,4.37723,4.38482,4.40005,4.38513,4.40765,4.4298,4.41709,4.43697,4.46089,4.42423,4.11996,3.85595,3.64562,3.42374,3.2465,3.09484,2.93694,2.828,2.70081,2.58083,2.48859,2.38163,2.30407,2.22507,2.15594,2.10547,2.05061,1.98197,1.92391,1.86606,1.81504,1.79184,1.72339,1.69249,1.66682
1.4509,1.44837,1.5104,1.52545,1.55907,1.59811,1.63202,1.68318,1.71524,1.79126,1.83858,1.88709,1.94192,2.01867,2.08822,2.16091,2.25119,2.33458,2.4297,2.54228,2.65446,2.79309,2.91932,3.08552,3.2892,3.49418,3.71216,3.99019,4.30141,4.38867,4.37029,4.37576,4.34075,4.33836,4.3297,4.33059,4.30451,4.29569,4.31713,4.29859,4.30447,4.31678,4.32649,4.30621,4.3226,4.31168,4.33553,4.3302,4.34734,4.35349,4.35365,4.36216,4.38753,4.39044,4.42558,4.12129,3.85292,3.62963,3.45072,3.26273,3.07503,2.96209,2.82803,2.7104,2.57939,2.50622,2.40226,2.32251,2.2246,2.15511,2.09093,2.03331,1.97483,1.92191,1.89846,1.82967,1.76422,1.74679,1.69414,1.64823
1.4575,1.48229,1.5076,1.5492,1.56353,1.63114,1.65193,1.71038,1.75621,1.80999,1.8534,1.91956,1.97001,2.03443,2.12065,2.2029,2.2668,2.37593,2.47639,2.57781,2.68486,2.83006,3.00998,3.15112,3.3193,3.55831,3.80854,4.0867,4.33088,4.31028,4.30877,4.27984,4.28225,4.25751,4.24462,4.24464,4.24309,4.24582,4.22137,4.2263,4.23287,4.23671,4.23971,4.22571,4.2371,4.23962,4.26101,4.26795,4.26902,4.27997,4.29388,4.31178,4.33487,4.34728,4.31747,4.01443,3.76788,3.56874,3.38102,3.19786,3.03525,2.89865,2.77376,2.66047,2.5465,2.43711,2.38137,2.28647,2.2027,2.13778,2.07072,2.00985,1.94205,1.91694,1.84082,1.80473,1.76836,1.70489,1.68455,1.63838
1.46276,1.47725,1.52679,1.57159,1.60383,1.6361,1.6652,1.7275,1.76923,1.81092,1.8559,1.94209,2.00608,2.06834,2.13036,2.21846,2.30245,2.39746,2.50551,2.6039,2.73944,2.88437,3.03918,3.2029,3.38915,3.63266,3.8677,4.15763,4.27304,4.27691,4.26323,4.25056,4.21848,4.20366,4.21875,4.19443,4.20461,4.18454,4.18287,4.1738,4.18974,4.17389,4.19069,4.17425,4.19823,4.18926,4.1822,4.2176,4.22276,4.23158,4.22038,4.23717,4.27784,4.28262,4.2578,3.9547,3.72029,3.52015,3.30974,3.16404,2.97948,2.87313,2.73845,2.62884,2.50676,2.43125,2.32668,2.25207,2.19221,2.12171,2.04055,1.99145,1.9443,1.89913,1.83069,1.79829,1.74996,1.70874,1.66349,1.6274
1.45796,1.48286,1.52066,1.5446,1.59122,1.64031,1.67805,1.73271,1.76895,1.83624,1.85073,1.94174,1.98574,2.07241,2.14982,2.21596,2.30571,2.40211,2.50838,2.63055,2.73255,2.8547,3.03658,3.18991,3.37544,3.62112,3.85676,4.17155,4.22082,4.21104,4.19337,4.19613,4.16958,4.16713,4.15391,4.15033,4.15216,4.14148,4.1333,4.13037,4.14244,4.10771,4.13833,4.13699,4.12414,4.15653,4.1345,4.13902,4.16345,4.1575,4.20296,4.20681,4.22132,4.23289,4.25364,3.98368,3.73295,3.50578,3.3219,3.1582,3.0057,2.87112,2.74061,2.63994,2.52228,2.42841,2.33239,2.28554,2.20269,2.11651,2.05094,1.98201,1.93596,1.89397,1.8352,1.78932,1.75755,1.6944,1.66422,1.6444
1.45921,1.49045,1.52092,1.54657,1.58667,1.64667,1.68183,1.71353,1.76969,1.83384,1.88127,1.93785,2.00354,2.06993,2.12946,2.23092,2.31374,2.39171,2.49165,2.61052,2.74201,2.88583,3.02243,3.19727,3.38372,3.61337,3.88427,4.17289,4.17489,4.15479,4.14555,4.14132,4.13722,4.11388,4.10246,4.07973,4.08285,4.09559,4.08815,4.07678,4.08604,4.08489,4.07447,4.09279,4.08636,4.09273,4.10366,4.09753,4.12012,4.13452,4.14362,4.15936,4.19524,4.18535,4.20438,3.98182,3.69819,3.51468,3.31679,3.16044,2.99868,2.87846,2.72998,2.63403,2.53044,2.43296,2.34549,2.27172,2.18873,2.12954,2.05695,1.97954,1.94686,1.88306,1.83126,1.78103,1.75045,1.72382,1.68419,1.64183
1.45589,1.48365,1.54932,1.55688,1.60836,1.65186,1.68874,1.72984,1.79519,1.82265,1.88729,1.96362,2.00587,2.07848,2.16997,2.2382,2.31469,2.42619,2.53017,2.65705,2.76886,2.92052,3.06446,3.236,3.45667,3.68323,3.92276,4.12261,4.1229,4.10017,4.09858,4.0837,4.07917,4.05107,4.07234,4.06013,4.051,4.04096,4.02904,4.03894,4.04485,4.02295,4.03719,4.04841,4.03761,4.06057,4.07407,4.06426,4.08711,4.07991,4.11609,4.11439,4.13289,4.16531,4.15281,3.91897,3.66643,3.47058,3.27319,3.1194,2.95301,2.83054,2.70065,2.59447,2.5087,2.39714,2.3281,2.23436,2.16366,2.10568,2.04813,1.97653,1.92083,1.86366,1.81604,1.77744,1.73382,1.6942,1.65183,1.63159
1.46951,1.53627,1.54634,1.59078,1.61706,1.65867,1.70157,1.74364,1.81156,1.85022,1.91222,1.97654,2.03533,2.11019,2.17355,2.24439,2.36006,2.45893,2.56703,2.669,2.79841,2.95023,3.09594,3.29171,3.50206,3.72617,3.97919,4.06414,4.05177,4.06214,4.03077,4.01885,4.00696,3.9926,3.99232,3.98423,3.99415,3.96963,3.96892,3.97041,3.96467,3.95614,3.979,4.00175,3.98088,3.98738,3.9884,3.99722,4.01444,4.03285,4.0349,4.05545,4.0649,4.09619,4.08198,3.86796,3.62496,3.43551,3.24293,3.08597,2.93392,2.80273,2.68799,2.57447,2.4712,2.38344,2.30734,2.22149,2.14478,2.06136,2.00854,1.97098,1.91627,1.8605,1.80644,1.77957,1.70728,1.67923,1.66134,1.60874
1.47457,1.51123,1.54015,1.58499,1.63239,1.66706,1.71185,1.75883,1.78538,1.85581,1.89868,1.9697,2.04066,2.10707,2.18968,2.26675,2.35059,2.45051,2.54971,2.66807,2.79552,2.94638,3.10897,3.28878,3.48337,3.71184,3.99604,3.99443,3.97404,3.94107,3.95473,3.94249,3.93845,3.91694,3.90529,3.89863,3.90318,3.88374,3.89239,3.90686,3.89826,3.89021,3.89498,3.91763,3.90699,3.91877,3.91473,3.91113,3.94131,3.96837,3.97018,3.98101,3.98991,4.02634,4.01727,3.8462,3.63329,3.41846,3.23198,3.08529,2.95485,2.78692,2.70092,2.58704,2.47497,2.38036,2.2951,2.21723,2.13519,2.08646,2.02937,1.97534,1.90613,1.87186,1.81742,1.76091,1.74781,1.69024,1.64935,1.60922
1.48232,1.52921,1.54,1.57224,1.60507,1.65857,1.71538,1.75186,1.78454,1.84404,1.88661,1.96698,2.01801,2.10327,2.16611,2.24986,2.34374,2.44072,2.55273,2.68313,2.79065,2.9632,3.10966,3.28273,3.48128,3.73915,3.91384,3.91425,3.91169,3.89322,3.87366,3.87297,3.84332,3.84373,3.84106,3.82994,3.82428,3.83783,3.83265,3.80763,3.82047,3.82588,3.8161,3.83268,3.83611,3.84261,3.84127,3.82058,3.87731,3.87597,3.8781,3.90523,3.90464,3.92301,3.94566,3.86187,3.61461,3.40296,3.22105,3.07819,2.94311,2.80741,2.68841,2.56982,2.47681,2.37425,2.30302,2.22856,2.15828,2.10178,2.01071,1.95071,1.92399,1.85356,1.80615,1.77987,1.72003,1.68841,1.6632,1.62048
1.47495,1.51453,1.5516,1.57616,1.61112,1.68483,1.70308,1.75603,1.79493,1.86116,1.92036,1.96315,2.02395,2.0924,2.17992,2.26204,2.34264,2.44102,2.54003,2.68385,2.81089,2.93901,3.106,3.2826,3.49623,3.71667,3.87395,3.863,3.83742,3.83297,3.81081,3.79739,3.79264,3.78734,3.77932,3.77232,3.76485,3.74741,3.76815,3.75975,3.741,3.74428,3.76038,3.78057,3.77103,3.77581,3.772,3.78701,3.77598,3.7954,3.82536,3.83129,3.85902,3.85192,3.87428,3.87318,3.63683,3.43376,3.25386,3.09556,2.92619,2.79836,2.7187,2.57469,2.4818,2.38352,2.29372,2.23549,2.13806,2.07598,2.02223,1.95756,1.91324,1.85865,1.81968,1.77357,1.7378,1.69824,1.64885,1.63489
1.48233,1.51989,1.54132,1.57235,1.63241,1.66602,1.69934,1.73389,1.79083,1.83057,1.9185,1.9606,2.04156,2.08555,2.16682,2.25169,2.35758,2.46067,2.54782,2.66395,2.81601,2.93503,3.10987,3.28009,3.50623,3.71989,3.75824,3.76228,3.73212,3.73024,3.73242,3.72255,3.70969,3.68314,3.69717,3.67249,3.66898,3.67353,3.66826,3.65151,3.67227,3.66789,3.67142,3.67133,3.67686,3.66428,3.7035,3.68655,3.70493,3.72184,3.748,3.73557,3.75409,3.76861,3.80086,3.81829,3.60844,3.41418,3.24463,3.07368,2.94163,2.80667,2.67586,2.58146,2.48589,2.40362,2.32224,2.23314,2.15101,2.07203,2.00646,1.97298,1.90624,1.85562,1.81563,1.74725,1.71705,1.69757,1.64663,1.60063
1.46399,1.51757,1.5495,1.58014,1.60833,1.66502,1.69672,1.7477,1.80455,1.83402,1.89194,1.94767,2.03184,2.07674,2.1726,2.25318,2.35704,2.45643,2.55748,2.6754,2.81937,2.94052,3.08572,3.27897,3.48453,3.70645,3.6938,3.67896,3.65289,3.63867,3.63791,3.62612,3.61621,3.5993,3.59431,3.58579,3.58419,3.58851,3.59424,3.58287,3.58051,3.58843,3.58057,3.5899,3.6018,3.60546,3.60467,3.60811,3.62136,3.61182,3.64736,3.67155,3.67034,3.68998,3.70265,3.72115,3.64281,3.41941,3.24594,3.08082,2.92951,2.8198,2.69061,2.5732,2.48232,2.37596,2.30462,2.22006,2.17672,2.08306,2.03182,1.96768,1.90951,1.86627,1.79656,1.76547,1.72401,1.69054,1.65272,1.62107
1.48375,1.48804,1.54799,1.58867,1.62143,1.64417,1.6824,1.74717,1.7811,1.84448,1.88937,1.97501,2.03719,2.08809,2.16817,2.26207,2.33931,2.4539,2.53634,2.67246,2.79155,2.95619,3.09776,3.29174,3.49683,3.66981,3.65008,3.61988,3.61524,3.60599,3.58554,3.58104,3.58277,3.55094,3.56505,3.55241,3.55502,3.5383,3.52336,3.5456,3.5456,3.54028,3.57164,3.53538,3.53859,3.55686,3.55984,3.56829,3.5758,3.58381,3.59506,3.62773,3.63806,3.65226,3.66981,3.66486,3.62872,3.43518,3.24707,3.08817,2.94247,2.80745,2.6906,2.57614,2.47653,2.37301,2.29272,2.22644,2.15396,2.08982,2.03677,1.95521,1.89164,1.8317,1.82126,1.76682,1.73605,1.68434,1.64082,1.62078
1.4982,1.51537,1.55201,1.59622,1.63296,1.68988,1.73515,1.77482,1.82836,1.87574,1.93145,1.98619,2.05657,2.1303,2.19661,2.30007,2.38306,2.47501,2.58696,2.73474,2.83808,2.99484,3.17209,3.35017,3.57148,3.59165,3.55324,3.5526,3.55708,3.53568,3.53555,3.51127,3.50598,3.50203,3.48641,3.48101,3.46298,3.47681,3.47728,3.49096,3.47575,3.4866,3.4777,3.49504,3.46873,3.49463,3.50158,3.50697,3.52467,3.53688,3.53282,3.55016,3.56659,3.56263,3.58475,3.62164,3.55525,3.37728,3.20094,3.05111,2.90217,2.76099,2.65457,2.54656,2.43452,2.34868,2.25972,2.18251,2.13166,2.05744,2.0102,1.94052,1.88932,1.84731,1.82395,1.7465,1.71451,1.66663,1.63854,1.58783
1.50727,1.52413,1.57317,1.62238,1.66034,1.68815,1.72981,1.78313,1.83445,1.88282,1.95763,2.00861,2.08067,2.14965,2.22568,2.31458,2.38458,2.50201,2.62555,2.73328,2.88009,3.02391,3.1927,3.3918,3.54825,3.54561,3.53562,3.50658,3.50885,3.47576,3.47156,3.47652,3.45375,3.44889,3.44561,3.43259,3.43238,3.44395,3.42919,3.43098,3.41351,3.43143,3.43524,3.44122,3.45598,3.45704,3.45466,3.45546,3.48177,3.50013,3.46797,3.50747,3.52793,3.53315,3.53131,3.56805,3.52194,3.32783,3.14781,3.00691,2.8694,2.74315,2.63083,2.50885,2.43363,2.34737,2.26181,2.16918,2.09979,2.0193,1.99266,1.9394,1.86932,1.83374,1.78476,1.74186,1.68555,1.66967,1.6127,1.59422
1.50796,1.53466,1.56958,1.58283,1.64732,1.69148,1.72963,1.78958,1.81227,1.88986,1.96789,2.00231,2.05686,2.15531,2.22042,2.31111,2.38933,2.50886,2.6192,2.73309,2.87066,3.02158,3.1973,3.38545,3.48006,3.48304,3.46724,3.46476,3.454,3.43284,3.39162,3.40369,3.40127,3.39661,3.39175,3.38139,3.38838,3.38876,3.36795,3.36781,3.38438,3.37055,3.36987,3.37545,3.38766,3.38887,3.39418,3.40534,3.43294,3.44243,3.42798,3.44485,3.45408,3.46956,3.49142,3.49975,3.50592,3.33332,3.15385,3.01133,2.84631,2.73891,2.64224,2.5069,2.41783,2.33159,2.2539,2.18184,2.10005,2.04231,1.97969,1.91802,1.86114,1.82285,1.77898,1.74581,1.69429,1.65393,1.63418,1.57849
1.4984,1.53762,1.58003,1.58472,1.64399,1.69888,1.73933,1.7981,1.83218,1.89134,1.95014,2.00335,2.06589,2.15302,2.22416,2.32501,2.39809,2.4989,2.63952,2.74367,2.89078,3.05196,3.19431,3.40957,3.45894,3.44005,3.42828,3.41619,3.3954,3.38865,3.37889,3.38653,3.3472,3.3546,3.35753,3.34864,3.32867,3.33655,3.34084,3.32168,3.34188,3.32628,3.35057,3.34419,3.3489,3.33901,3.3733,3.3741,3.3828,3.38083,3.39752,3.41377,3.43446,3.43199,3.43322,3.47,3.48,3.32811,3.13871,2.99897,2.85533,2.71451,2.61387,2.52818,2.41932,2.33314,2.2424,2.17502,2.11121,2.06142,1.9894,1.91319,1.8752,1.81675,1.78386,1.72656,1.70443,1.64122,1.62573,1.59698
1.51694,1.53039,1.57274,1.59169,1.64136,1.70485,1.72887,1.78126,1.82235,1.88033,1.94446,2.01115,2.08141,2.14994,2.22669,2.32718,2.40874,2.49728,2.62714,2.75839,2.87632,3.04088,3.20909,3.40243,3.44893,3.4181,3.41931,3.3973,3.36979,3.37082,3.34613,3.36088,3.3272,3.33239,3.32493,3.32145,3.30189,3.29689,3.31884,3.31895,3.31279,3.32327,3.31419,3.33494,3.31944,3.3218,3.32675,3.33759,3.34678,3.36713,3.37564,3.38262,3.39836,3.42104,3.42319,3.44746,3.46412,3.29825,3.14721,2.99813,2.84934,2.71494,2.63326,2.52847,2.39964,2.33482,2.25591,2.16991,2.10759,2.04211,1.99203,1.91739,1.85497,1.81833,1.77705,1.74616,1.68902,1.66031,1.61636,1.56982
1.49465,1.5424,1.60139,1.61406,1.6621,1.68541,1.73941,1.79166,1.84047,1.90159,1.96235,2.01814,2.10017,2.15254,2.25111,2.32262,2.4228,2.52836,2.66231,2.78392,2.8977,3.0595,3.2521,3.31418,3.31909,3.28903,3.27457,3.27487,3.25245,3.23627,3.24494,3.23353,3.21574,3.2104,3.19066,3.20497,3.18078,3.17357,3.18497,3.18511,3.18456,3.19067,3.20298,3.19888,3.19465,3.20288,3.20449,3.2191,3.23419,3.25169,3.24974,3.25848,3.27637,3.27195,3.30201,3.31909,3.31852,3.30054,3.11781,2.95753,2.84178,2.69603,2.6063,2.48727,2.41944,2.32992,2.24445,2.16247,2.08666,2.0374,1.96321,1.90045,1.87019,1.81466,1.76326,1.73224,1.68821,1.63661,1.61214,1.57556
1.49989,1.53454,1.55947,1.63027,1.64224,1.70519,1.74793,1.80039,1.83846,1.92721,1.94042,2.02294,2.08519,2.15097,2.25901,2.33711,2.41678,2.51814,2.6447,2.76849,2.90624,3.06732,3.24519,3.28311,3.25888,3.25432,3.22654,3.23627,3.21942,3.1954,3.1979,3.16871,3.19085,3.18278,3.16927,3.15835,3.16982,3.15093,3.16796,3.14559,3.13914,3.15373,3.14397,3.15871,3.16777,3.17253,3.15753,3.1855,3.19414,3.1885,3.20494,3.21556,3.23112,3.21965,3.24376,3.27271,3.28875,3.29891,3.13368,2.96253,2.82833,2.7005,2.59536,2.49308,2.41422,2.31939,2.23323,2.15564,2.09585,2.02405,1.98037,1.89993,1.83278,1.8112,1.76449,1.71295,1.66985,1.64926,1.59544,1.58722
1.51433,1.54441,1.58709,1.62903,1.6562,1.70859,1.75632,1.7739,1.83551,1.90586,1.94599,2.01595,2.08918,2.15956,2.26216,2.32766,2.42884,2.54633,2.64369,2.74994,2.91039,3.07142,3.23561,3.23886,3.19915,3.17832,3.17527,3.15421,3.14326,3.14454,3.13975,3.11636,3.10338,3.1247,3.10504,3.11251,3.09481,3.10856,3.06833,3.09886,3.06886,3.08043,3.09241,3.07296,3.09149,3.10039,3.09354,3.11313,3.11778,3.13298,3.1328,3.15549,3.16086,3.18643,3.20654,3.2146,3.23542,3.24651,3.12147,2.97007,2.83886,2.71446,2.6032,2.49874,2.38911,2.3259,2.23599,2.16317,2.10176,2.02963,1.96293,1.92869,1.8625,1.80551,1.77121,1.7205,1.6792,1.63039,1.61213,1.59206
1.5109,1.55534,1.58717,1.62272,1.67163,1.69237,1.73743,1.78129,1.83681,1.92262,1.95745,2.03195,2.10279,2.16941,2.2509,2.34548,2.44078,2.52953,2.63984,2.77213,2.92152,3.05663,3.16951,3.15865,3.139,3.14134,3.13484,3.10829,3.10171,3.08117,3.08972,3.07296,3.06128,3.0565,3.0507,3.05339,3.02373,3.0358,3.05316,3.05296,3.02863,3.03508,3.04311,3.04414,3.046,3.05833,3.05891,3.06939,3.07233,3.07735,3.08219,3.10039,3.13151,3.13165,3.15036,3.15837,3.18491,3.18524,3.12299,2.96325,2.83566,2.70889,2.6056,2.48651,2.40273,2.32102,2.2411,2.16648,2.09223,2.02284,1.97584,1.91145,1.86043,1.80905,1.77332,1.72421,1.68709,1.62795,1.60191,1.58267
1.51412,1.54868,1.57717,1.62073,1.66493,1.69278,1.74392,1.78672,1.86191,1.89462,1.95541,2.02201,2.08355,2.18003,2.25865,2.32838,2.43561,2.53746,2.64715,2.78565,2.91298,3.06886,3.06456,3.03731,3.01291,3.01192,3.00083,2.96722,2.95748,2.93767,2.95335,2.92711,2.94806,2.94996,2.9315,2.92678,2.90494,2.92504,2.92865,2.92137,2.93202,2.93042,2.91765,2.91097,2.93506,2.93772,2.9479,2.95208,2.95969,2.96382,2.98376,2.9945,3.00385,3.00367,3.01654,3.04627,3.05774,3.07002,3.10192,2.98859,2.82815,2.69008,2.58903,2.48192,2.4143,2.31117,2.21522,2.17188,2.07838,2.0379,1.96314,1.90631,1.86751,1.8231,1.77484,1.72258,1.68394,1.62768,1.59262,1.56841
1.52286,1.52929,1.58053,1.6399,1.66075,1.7309,1.75247,1.78997,1.85555,1.90375,1.96836,2.03076,2.11085,2.17786,2.27367,2.35326,2.45988,2.56213,2.654,2.78852,2.92938,2.92341,2.92957,2.88924,2.86855,2.87586,2.87226,2.85738,2.84048,2.83272,2.82555,2.80913,2.80279,2.80338,2.80893,2.80366,2.78081,2.7941,2.77278,2.78324,2.78873,2.79792,2.80205,2.78329,2.80836,2.80625,2.82346,2.80094,2.81927,2.83027,2.85923,2.83941,2.85445,2.87358,2.8705,2.88315,2.90651,2.94687,2.94195,2.9414,2.83741,2.6751,2.5667,2.49284,2.38055,2.28432,2.23215,2.15023,2.09071,2.0207,1.94058,1.89171,1.85166,1.80384,1.76458,1.7232,1.68509,1.63315,1.61246,1.58051
1.52023,1.57488,1.58571,1.63531,1.68328,1.72419,1.75915,1.82424,1.87559,1.91417,1.9754,2.0376,2.1151,2.1774,2.26329,2.35456,2.44303,2.55991,2.66442,2.79656,2.8654,2.85392,2.83723,2.82772,2.792,2.78926,2.75912,2.77505,2.76271,2.76042,2.73577,2.74116,2.72021,2.71734,2.70924,2.71882,2.71616,2.69911,2.69579,2.70297,2.72307,2.70208,2.69949,2.69651,2.70816,2.71704,2.73182,2.72902,2.72774,2.73558,2.75096,2.76658,2.77949,2.78387,2.7987,2.80538,2.82248,2.8388,2.86359,2.88172,2.79674,2.70114,2.56488,2.46309,2.3816,2.31251,2.20082,2.15421,2.08381,2.01777,1.93794,1.91031,1.84529,1.79466,1.75809,1.71385,1.66475,1.64405,1.58778,1.5548
1.52232,1.55479,1.59408,1.648,1.68011,1.71643,1.77012,1.83158,1.86804,1.92384,2.00096,2.05353,2.11634,2.21314,2.26653,2.37597,2.46091,2.55708,2.67865,2.73941,2.72494,2.7286,2.70065,2.68987,2.67985,2.66908,2.65303,2.62608,2.65401,2.62251,2.61053,2.60739,2.61151,2.59984,2.59603,2.59585,2.59962,2.58536,2.59174,2.57979,2.5789,2.57899,2.59586,2.57604,2.58748,2.59593,2.60063,2.60394,2.61695,2.63189,2.62759,2.62398,2.6403,2.66239,2.67042,2.68538,2.69933,2.71385,2.73983,2.73349,2.77379,2.66618,2.55455,2.48967,2.37931,2.30197,2.20568,2.13046,2.06242,1.98911,1.92703,1.90398,1.81551,1.80751,1.7387,1.7109,1.65995,1.62618,1.58884,1.55542
1.53688,1.54162,1.598,1.63958,1.66961,1.72422,1.7869,1.81157,1.86973,1.91195,1.97606,2.05044,2.12429,2.19308,2.28175,2.38359,2.46338,2.57525,2.65018,2.61027,2.60163,2.59249,2.58852,2.56437,2.55352,2.53059,2.53929,2.53915,2.49687,2.50571,2.5066,2.49237,2.49016,2.47112,2.47639,2.4836,2.46887,2.47127,2.46887,2.45898,2.44828,2.46521,2.4639,2.48072,2.48107,2.4642,2.48281,2.49689,2.48214,2.49282,2.51779,2.51363,2.52104,2.53557,2.55812,2.54753,2.57588,2.58505,2.62024,2.63934,2.63835,2.66727,2.54597,2.46385,2.36228,2.27911,2.20805,2.11653,2.07533,2.00945,1.93038,1.86814,1.83578,1.78736,1.73417,1.71819,1.67241,1.636,1.59284,1.55345
1.55456,1.56389,1.58957,1.65371,1.69098,1.71872,1.76749,1.80783,1.89301,1.92649,1.98146,2.04862,2.1191,2.20514,2.26828,2.37078,2.46537,2.56391,2.55313,2.54321,2.50931,2.49245,2.47319,2.48169,2.45495,2.44363,2.44732,2.42501,2.4149,2.4167,2.40194,2.40513,2.39705,2.38134,2.40259,2.37932,2.36722,2.37836,2.36911,2.39138,2.36236,2.3925,2.38615,2.37655,2.38663,2.38656,2.39197,2.39522,2.40132,2.40667,2.40808,2.42721,2.43056,2.44204,2.45633,2.48483,2.48493,2.51435,2.5024,2.53789,2.54959,2.55007,2.56737,2.44934,2.38213,2.27182,2.21036,2.12422,2.03727,2.00578,1.931,1.88985,1.8287,1.78964,1.74411,1.70677,1.66932,1.62391,1.57987,1.54962
1.54169,1.57026,1.59105,1.62858,1.68845,1.72869,1.77293,1.8199,1.87391,1.92153,2.00329,2.05153,2.13487,2.1968,2.27612,2.37868,2.47536,2.47682,2.46445,2.4455,2.43063,2.41137,2.39916,2.37925,2.37557,2.3602,2.3603,2.35374,2.35611,2.35022,2.3143,2.33216,2.31416,2.30177,2.30989,2.29995,2.27403,2.30392,2.30836,2.29997,2.28847,2.29168,2.32149,2.30548,2.31596,2.31379,2.31108,2.30675,2.32842,2.32303,2.32913,2.34449,2.36168,2.36402,2.37447,2.40478,2.41702,2.41492,2.44934,2.44452,2.46822,2.47871,2.49187,2.45122,2.34759,2.27416,2.20564,2.13274,2.05508,1.98813,1.932,1.87008,1.82683,1.7738,1.7683,1.68148,1.65692,1.63852,1.58899,1.57592
1.53918,1.57577,1.61292,1.64864,1.68651,1.7326,1.7665,1.81299,1.85706,1.91366,1.9929,2.0557,2.12152,2.19397,2.29013,2.37343,2.38337,2.3539,2.33256,2.31423,2.32661,2.28152,2.29319,2.28351,2.27451,2.23962,2.24963,2.22416,2.24937,2.23297,2.23576,2.18951,2.19947,2.20537,2.18709,2.18777,2.18474,2.19459,2.18332,2.18678,2.17672,2.17467,2.1888,2.18346,2.19563,2.19615,2.1989,2.21589,2.23638,2.23379,2.22566,2.23326,2.25637,2.24292,2.23613,2.26935,2.29423,2.29756,2.30037,2.3158,2.36283,2.3663,2.39709,2.39361,2.36132,2.27472,2.18645,2.13804,2.06839,2.03387,1.94733,1.88168,1.83753,1.79485,1.7484,1.69237,1.6468,1.61483,1.5856,1.55988
1.53405,1.56355,1.61085,1.64056,1.66795,1.72045,1.76422,1.81922,1.88596,1.93878,1.98591,2.04953,2.12013,2.19663,2.27394,2.29702,2.28485,2.26359,2.27244,2.24094,2.22223,2.22012,2.19892,2.19395,2.15276,2.15755,2.15133,2.13851,2.14977,2.13703,2.12386,2.12603,2.12585,2.11178,2.10818,2.10056,2.10774,2.08895,2.09899,2.09086,2.09676,2.11335,2.10987,2.10772,2.11536,2.12072,2.11728,2.11286,2.1274,2.13555,2.13176,2.14286,2.15968,2.16473,2.17904,2.18089,2.20753,2.22009,2.22496,2.25216,2.25028,2.25906,2.29059,2.28838,2.3335,2.27488,2.21734,2.11284,2.0565,2.0001,1.94738,1.89174,1.83758,1.79032,1.75456,1.69036,1.664,1.62998,1.57556,1.54867
1.54267,1.57716,1.60671,1.64023,1.67452,1.72495,1.77932,1.83103,1.85424,1.93598,1.9712,2.07159,2.12199,2.20547,2.22587,2.20651,2.18546,2.17851,2.17171,2.13934,2.14266,2.11187,2.1164,2.1089,2.09318,2.0836,2.06364,2.05868,2.05974,2.04717,2.05875,2.05304,2.03679,2.04147,2.02229,2.02573,2.02822,2.02037,2.0175,2.01957,2.01838,2.00797,2.00997,2.0106,2.02396,2.03609,2.04127,2.0472,2.06203,2.04195,2.04811,2.0576,2.06221,2.07793,2.10763,2.0989,2.11215,2.12668,2.13817,2.14824,2.1795,2.18742,2.20628,2.21586,2.21212,2.25054,2.20613,2.12518,2.05151,2.00642,1.94355,1.87265,1.83348,1.79518,1.74012,1.70098,1.66191,1.63634,1.58096,1.55776
1.53575,1.5567,1.60286,1.63057,1.68324,1.711,1.77512,1.80879,1.87784,1.93226,1.98968,2.0413,2.12976,2.13749,2.12101,2.10359,2.09345,2.08021,2.05508,2.06311,2.0388,2.01626,2.00457,2.00159,1.9981,1.97454,1.9762,1.96551,1.95476,1.94525,1.9325,1.94308,1.95092,1.92993,1.94308,1.92932,1.92867,1.92534,1.93706,1.92088,1.91542,1.92578,1.93795,1.93593,1.9413,1.93403,1.95413,1.93151,1.96444,1.95002,1.94816,1.98156,1.97197,1.9733,1.98383,2.00771,2.02329,2.02899,2.0359,2.05659,2.06969,2.0894,2.08899,2.10915,2.12814,2.14866,2.1723,2.13525,2.04615,2.00408,1.9456,1.9003,1.85282,1.78112,1.75225,1.71698,1.66314,1.62888,1.57554,1.54651
1.55194,1.556,1.61626,1.63449,1.68844,1.72347,1.77281,1.8179,1.87625,1.93981,1.98334,2.03585,2.06034,2.01886,2.01267,2.01338,1.99682,1.98653,1.96643,1.96232,1.95105,1.93466,1.91663,1.9155,1.8866,1.89428,1.8994,1.8754,1.86258,1.8681,1.85194,1.86144,1.84049,1.83298,1.84161,1.84585,1.84645,1.83804,1.8438,1.82788,1.8474,1.82122,1.82528,1.83476,1.85496,1.86197,1.86532,1.86178,1.86388,1.85208,1.89909,1.87016,1.87497,1.89971,1.88797,1.91836,1.93591,1.93873,1.94363,1.9516,1.96638,1.97809,2.00081,2.02306,2.03154,2.06138,2.05688,2.08401,2.07297,2.0077,1.94774,1.90259,1.83103,1.79987,1.7435,1.70505,1.65469,1.62561,1.59295,1.5595
1.51923,1.5592,1.58153,1.63927,1.67531,1.7277,1.78379,1.79984,1.86029,1.91865,1.97975,1.96826,1.97945,1.96392,1.92797,1.91822,1.90249,1.87389,1.87842,1.85126,1.8376,1.84994,1.83031,1.81735,1.82718,1.80399,1.80283,1.79267,1.76883,1.7796,1.77382,1.75304,1.75833,1.76767,1.76558,1.74497,1.74986,1.74918,1.75036,1.74801,1.72928,1.74631,1.73121,1.76357,1.73705,1.75454,1.76294,1.74923,1.7696,1.76481,1.78017,1.80654,1.80551,1.80026,1.81825,1.81598,1.83184,1.84598,1.83974,1.88461,1.86365,1.90129,1.90335,1.9156,1.93414,1.94243,1.95189,1.99132,2.00758,2.01643,1.9432,1.88775,1.8429,1.78431,1.7218,1.72106,1.67741,1.64384,1.5877,1.54936
1.53046,1.57096,1.60675,1.63891,1.65721,1.70085,1.74968,1.82973,1.87997,1.91225,1.89849,1.88588,1.86354,1.84357,1.82582,1.82448,1.82019,1.80159,1.78167,1.75728,1.76588,1.73822,1.72972,1.72957,1.7117,1.70673,1.69873,1.69077,1.70062,1.67802,1.67959,1.67461,1.68641,1.6759,1.67115,1.67314,1.67007,1.66855,1.66745,1.65333,1.67368,1.67905,1.65442,1.67518,1.66453,1.66145,1.67591,1.66429,1.69341,1.66572,1.67669,1.69743,1.69237,1.70729,1.70607,1.72486,1.7309,1.71956,1.75508,1.77866,1.77052,1.77715,1.80965,1.82368,1.8218,1.85012,1.84507,1.87982,1.89173,1.90333,1.92162,1.89892,1.83867,1.80215,1.76226,1.72467,1.67641,1.64036,1.59757,1.55278
1.53908,1.58064,1.59878,1.63295,1.67075,1.70602,1.75881,1.81967,1.85134,1.83981,1.81608,1.80592,1.7571,1.7642,1.77174,1.72543,1.72671,1.71506,1.71015,1.68392,1.67323,1.64481,1.63474,1.65629,1.64206,1.63063,1.62316,1.60608,1.61164,1.60165,1.6048,1.59302,1.61329,1.57915,1.58732,1.59381,1.60686,1.57569,1.57752,1.56736,1.5828,1.57508,1.56923,1.57134,1.58006,1.57019,1.59732,1.58294,1.59326,1.58812,1.61281,1.6118,1.61433,1.61369,1.63897,1.65338,1.6605,1.65876,1.66448,1.69674,1.6797,1.69281,1.7017,1.73106,1.7458,1.76128,1.7609,1.78005,1.81575,1.80901,1.8403,1.86993,1.85185,1.79533,1.76611,1.70766,1.68615,1.64814,1.59412,1.55611
1.53101,1.55486,1.60848,1.62301,1.65785,1.70922,1.76428,1.78239,1.76184,1.75413,1.72094,1.6954,1.6899,1.66921,1.67073,1.6607,1.64856,1.63815,1.63049,1.59967,1.59924,1.59379,1.58344,1.5712,1.57569,1.54866,1.55187,1.53062,1.53864,1.51281,1.53136,1.52778,1.52616,1.50183,1.52892,1.49572,1.51316,1.50728,1.48079,1.49002,1.51323,1.49531,1.50887,1.50353,1.50252,1.52201,1.50586,1.52365,1.5309,1.53544,1.53677,1.53865,1.53192,1.55179,1.55831,1.58045,1.58724,1.57821,1.57293,1.60023,1.61426,1.63372,1.63742,1.62897,1.6686,1.67746,1.69098,1.70266,1.71565,1.74943,1.76812,1.76858,1.79456,1.79931,1.76688,1.72182,1.67012,1.65406,1.59138,1.55929
1.52989,1.55668,1.61085,1.63162,1.6669,1.73088,1.71079,1.68607,1.67505,1.67407,1.62541,1.6136,1.61578,1.57624,1.58526,1.56822,1.56263,1.53889,1.53599,1.51896,1.52695,1.50889,1.49733,1.51054,1.48784,1.47944,1.46325,1.44722,1.42983,1.45585,1.43568,1.44414,1.44591,1.42042,1.42228,1.44972,1.43198,1.43227,1.42912,1.42642,1.43361,1.4297,1.44561,1.41739,1.43429,1.43123,1.42654,1.46612,1.43894,1.45812,1.46044,1.46108,1.46434,1.4684,1.46962,1.46789,1.4847,1.50813,1.51449,1.52271,1.50998,1.52865,1.53901,1.563,1.54297,1.58581,1.60697,1.61438,1.64361,1.66201,1.66633,1.68443,1.71855,1.7091,1.72712,1.7108,1.65126,1.6088,1.58425,1.56875
1.54258,1.55414,1.60652,1.65039,1.65781,1.64957,1.61999,1.5854,1.59168,1.56975,1.56827,1.55112,1.52771,1.51912,1.4974,1.48065,1.48061,1.4474,1.45947,1.46071,1.42949,1.43111,1.42229,1.43136,1.40067,1.40193,1.39679,1.38495,1.39749,1.35435,1.3723,1.37154,1.39716,1.36914,1.35935,1.36007,1.36711,1.35454,1.36912,1.34772,1.34213,1.35565,1.37274,1.35574,1.36892,1.35419,1.36096,1.37952,1.37258,1.3912,1.37742,1.38442,1.36281,1.4138,1.40461,1.39323,1.42261,1.42871,1.43475,1.45286,1.46384,1.45764,1.4664,1.48167,1.49499,1.50691,1.5337,1.53897,1.54535,1.56669,1.57264,1.60623,1.617,1.63317,1.65576,1.66934,1.65103,1.62216,1.59369,1.54178
1.54513,1.56795,1.60401,1.58077,1.55795,1.55462,1.56091,1.54221,1.51734,1.50039,1.46414,1.46251,1.46612,1.41562,1.42707,1.41261,1.39942,1.38476,1.36922,1.38905,1.36654,1.34888,1.35821,1.35622,1.3233,1.31092,1.32594,1.34222,1.30384,1.29219,1.3115,1.30609,1.31218,1.30401,1.30584,1.30238,1.28105,1.26957,1.28394,1.2964,1.28035,1.28505,1.30503,1.28018,1.28457,1.27857,1.29793,1.29844,1.30136,1.30135,1.28248,1.32534,1.34703,1.35049,1.32341,1.35348,1.35353,1.34632,1.37807,1.36821,1.3978,1.36949,1.40729,1.40522,1.42394,1.4284,1.46054,1.46778,1.47777,1.48802,1.50782,1.51492,1.5473,1.56521,1.57756,1.59748,1.62327,1.61723,1.59754,1.55197
1.51848,1.54702,1.53425,1.48869,1.48893,1.45979,1.45181,1.42939,1.43093,1.40631,1.38565,1.36528,1.35493,1.34141,1.33708,1.33543,1.32128,1.30229,1.28645,1.29897,1.27589,1.26938,1.27704,1.28603,1.23128,1.25043,1.23288,1.24336,1.23169,1.23397,1.21136,1.22944,1.22024,1.18636,1.20912,1.21018,1.21419,1.20165,1.20661,1.19505,1.2137,1.20442,1.20044,1.19507,1.22448,1.2059,1.21713,1.22933,1.22413,1.22484,1.22874,1.21579,1.22676,1.25214,1.24156,1.25554,1.24331,1.2987,1.27322,1.28063,1.30115,1.29939,1.31034,1.32791,1.33598,1.35259,1.3637,1.38258,1.38729,1.39723,1.4274,1.41845,1.4326,1.44385,1.48773,1.49481,1.51931,1.51709,1.55962,1.57305
1.48109,1.45005,1.4217,1.40039,1.39593,1.38167,1.37476,1.35802,1.3285,1.32021,1.29503,1.27646,1.29716,1.27763,1.26404,1.24251,1.23418,1.20582,1.22469,1.19398,1.20622,1.19883,1.18868,1.18274,1.17436,1.17314,1.1768,1.16282,1.16472,1.15019,1.13749,1.1473,1.13773,1.14811,1.1277,1.13312,1.14123,1.13814,1.12805,1.13116,1.1401,1.1346,1.12027,1.13497,1.13815,1.13542,1.14106,1.15056,1.15482,1.15383,1.16949,1.15433,1.16519,1.16333,1.18951,1.20314,1.19959,1.19236,1.20508,1.20107,1.23716,1.21712,1.22271,1.25537,1.25279,1.2521,1.26131,1.28475,1.28931,1.33438,1.3302,1.34533,1.36012,1.37204,1.39849,1.39067,1.43825,1.43279,1.45819,1.49809
1.35082,1.3474,1.32472,1.3012,1.28128,1.27518,1.27694,1.25483,1.2317,1.23474,1.22182,1.2024,1.18647,1.16155,1.15935,1.1657,1.17073,1.1352,1.1361,1.13321,1.10677,1.11074,1.10335,1.11664,1.08524,1.07915,1.08865,1.07734,1.06816,1.08148,1.08799,1.05939,1.06801,1.06833,1.0487,1.06453,1.05109,1.06693,1.06078,1.04465,1.06023,1.06718,1.04786,1.05809,1.06408,1.05089,1.06785,1.07425,1.06638,1.073,1.05841,1.09208,1.09068,1.09891,1.11026,1.08997,1.1162,1.11492,1.12819,1.11851,1.1307,1.15378,1.15222,1.15869,1.17612,1.16933,1.19959,1.19721,1.19675,1.19501,1.23151,1.2412,1.29359,1.27,1.29507,1.29462,1.33507,1.35496,1.37241,1.38378
1.2713,1.25711,1.22659,1.23274,1.21557,1.19064,1.17374,1.18649,1.16204,1.16016,1.12691,1.12016,1.10942,1.12923,1.10689,1.08917,1.07014,1.05966,1.06674,1.04902,1.04684,1.0368,1.0285,1.0152,1.03619,1.01854,1.01788,1.01305,1.0166,1.02602,0.995506,1.00825,1.00507,0.989581,0.997875,0.993187,1.00511,1.00771,1.00843,0.998535,0.981474,1.00243,0.974843,0.989948,0.989444,0.986274,0.975234,0.984673,1.01788,1.00144,0.990333,0.98709,1.01544,1.02041,1.00648,1.03414,1.02784,1.05051,1.03588,1.05247,1.05363,1.06099,1.06355,1.08197,1.09447,1.10698,1.08414,1.1186,1.12633,1.14291,1.16104,1.16807,1.17046,1.2074,1.20969,1.20537,1.24239,1.25203,1.28314,1.29247
1.17168,1.15519,1.15603,1.10915,1.09809,1.10369,1.0793,1.07732,1.04934,1.04807,1.0401,1.02703,1.02913,1.00277,1.00214,1.00651,0.987564,0.960818,0.96712,0.959125,0.943532,0.964191,0.942671,0.946826,0.928522,0.930192,0.933044,0.917329,0.931137,0.928855,0.892425,0.911381,0.906252,0.903007,0.904166,0.900064,0.888555,0.8612,0.876198,0.902714,0.904797,0.909195,0.891745,0.896497,0.909317,0.898056,0.89776,0.90075,0.910702,0.918181,0.904386,0.914462,0.910635,0.909151,0.93238,0.931718,0.925679,0.935429,0.948781,0.96527,0.955779,0.96545,0.990456,0.974867,0.999072,0.996237,0.987762,1.03647,1.00663,1.02413,1.06083,1.04178,1.07611,1.08683,1.0843,1.10831,1.14159,1.11047,1.15607,1.15805
1.09721,1.0869,1.07574,1.06709,1.04892,1.02689,1.01337,0.991956,0.971957,0.970009,0.977978,0.943802,0.950057,0.925204,0.937445,0.917675,0.92138,0.915645,0.896259,0.885009,0.879883,0.893687,0.873254,0.874419,0.870008,0.875615,0.854958,0.871183,0.854856,0.853171,0.851653,0.856812,0.84898,0.852814,0.851782,0.822733,0.823323,0.844633,0.853484,0.839669,0.836102,0.84757,0.837845,0.818982,0.848113,0.836824,0.836624,0.859204,0.840663,0.864151,0.851857,0.85836,0.849651,0.86737,0.859676,0.858194,0.852826,0.866347,0.883477,0.888366,0.890093,0.896143,0.912166,0.9186,0.928071,0.925366,0.943132,0.926951,0.930883,0.959094,0.967411,0.968227,0.987359,1.01789,1.02278,1.0345,1.02886,1.05772,1.05944,1.0972
1.02547,1.00807,0.990929,0.978145,0.967381,0.964764,0.940112,0.932871,0.911964,0.908579,0.896923,0.906018,0.885083,0.864943,0.85938,0.838472,0.864136,0.835658,0.849571,0.817008,0.829411,0.811722,0.827507,0.811419,0.805969,0.797921,0.813742,0.800734,0.800765,0.78512,0.800722,0.798688,0.791788,0.777537,0.782394,0.779793,0.784831,0.770873,0.781264,0.76319,0.769175,0.781629,0.775509,0.769196,0.779628,0.774699,0.778106,0.769187,0.804015,0.787508,0.794145,0.771653,0.811488,0.770856,0.810525,0.80186,0.814052,0.814752,0.820164,0.812249,0.822284,0.830908,0.839263,0.859955,0.853717,0.850561,0.883814,0.87739,0.902815,0.905842,0.906299,0.936022,0.923798,0.932765,0.944066,0.948207,0.979844,0.980778,1.00773,0.998599
0.940184,0.905813,0.897911,0.883047,0.886619,0.861207,0.873412,0.849189,0.847578,0.835043,0.817801,0.81182,0.79988,0.806419,0.790884,0.785191,0.754517,0.771585,0.760588,0.773292,0.765378,0.748232,0.752393,0.732439,0.723415,0.72578,0.739487,0.723509,0.72091,0.730214,0.715928,0.694421,0.721977,0.719588,0.712672,0.704704,0.707972,0.721965,0.702316,0.713159,0.710186,0.709137,0.718531,0.694049,0.744526,0.711243,0.722578,0.733785,0.707094,0.721689,0.721225,0.727472,0.715249,0.738685,0.735737,0.735159,0.726135,0.755652,0.753518,0.751414,0.757076,0.761463,0.763967,0.76481,0.774004,0.803504,0.778974,0.790444,0.793793,0.81729,0.824148,0.838269,0.844491,0.839033,0.851071,0.873099,0.878057,0.890152,0.904305,0.914156
0.840523,0.828264,0.806827,0.824613,0.797137,0.808775,0.77715,0.776211,0.76485,0.770462,0.739509,0.757118,0.74368,0.727152,0.726028,0.693966,0.704942,0.68213,0.703898,0.703755,0.67508,0.67039,0.685387,0.681568,0.668589,0.670432,0.67684,0.673451,0.650423,0.670641,0.669677,0.664492,0.655573,0.658103,0.646309,0.645529,0.658248,0.645902,0.661754,0.646626,0.653585,0.638895,0.682537,0.657126,0.661665,0.652391,0.656748,0.652936,0.669041,0.672184,0.677883,0.655413,0.658057,0.66311,0.672855,0.675631,0.684369,0.677686,0.688943,0.689475,0.697603,0.684742,0.707976,0.714028,0.701292,0.716661,0.740232,0.729046,0.727053,0.731876,0.746722,0.758586,0.787481,0.773399,0.804657,0.780399,0.799704,0.809692,0.839078,0.836238
0.743273,0.736339,0.740436,0.724726,0.716068,0.714343,0.710926,0.689132,0.682847,0.662877,0.662597,0.66557,0.646197,0.658456,0.645451,0.650188,0.636368,0.626554,0.631295,0.61612,0.607792,0.612062,0.610985,0.5996,0.607645,0.594727,0.601294,0.60322,0.5839,0.582482,0.579266,0.598824,0.580878,0.600901,0.592037,0.577851,0.564433,0.574249,0.588992,0.567172,0.582583,0.568367,0.585381,0.583805,0.588321,0.573928,0.604931,0.575501,0.56416,0.600649,0.597692,0.583057,0.594623,0.59484,0.596969,0.597839,0.60072,0.604746,0.607549,0.615817,0.618677,0.612868,0.623226,0.637467,0.645936,0.635277,0.634614,0.649227,0.656445,0.669479,0.679536,0.662648,0.689803,0.683493,0.690308,0.709498,0.697525,0.722822,0.731197,0.734823
0.653439,0.644037,0.648104,0.632348,0.622528,0.619988,0.623229,0.601751,0.583855,0.594026,0.582366,0.581546,0.569288,0.576357,0.563143,0.5624,0.566252,0.555422,0.538077,0.556743,0.541527,0.534339,0.536236,0.536702,0.51766,0.510711,0.499269,0.523885,0.518071,0.510848,0.498023,0.5094,0.52802,0.505097,0.507636,0.506474,0.500789,0.503552,0.500235,0.515136,0.50207,0.512674,0.52382,0.497533,0.500111,0.511652,0.523308,0.494235,0.520137,0.517893,0.513712,0.510198,0.524741,0.530747,0.522504,0.521554,0.532016,0.534523,0.529622,0.54376,0.548587,0.55931,0.534613,0.546262,0.550941,0.548592,0.584069,0.579445,0.577861,0.568343,0.59086,0.605036,0.599597,0.603829,0.633818,0.627541,0.637528,0.631234,0.645148,0.65603
0.553071,0.528643,0.538729,0.539786,0.519792,0.516861,0.497443,0.495893,0.497923,0.485533,0.491133,0.490567,0.479009,0.465442,0.466375,0.465875,0.459308,0.464148,0.446236,0.460129,0.442825,0.449657,0.431382,0.445059,0.430147,0.453603,0.437342,0.416463,0.443119,0.424876,0.430152,0.419203,0.42091,0.392619,0.440846,0.410367,0.410562,0.423515,0.414591,0.410907,0.407563,0.412503,0.414326,0.413829,0.423325,0.415338,0.428841,0.410673,0.405107,0.438205,0.426016,0.436437,0.411514,0.429905,0.43264,0.450375,0.427035,0.45439,0.455723,0.441208,0.446944,0.438969,0.457783,0.445306,0.465481,0.47813,0.46389,0.472701,0.492353,0.479426,0.492473,0.487854,0.490738,0.494383,0.489532,0.510967,0.50059,0.506843,0.529629,0.54567
0.460004,0.443143,0.436353,0.441693,0.445522,0.431227,0.428215,0.41625,0.421563,0.395206,0.410523,0.396621,0.383068,0.379141,0.389121,0.395015,0.37742,0.392945,0.38454,0.384557,0.379626,0.368164,0.355637,0.369531,0.360046,0.373797,0.371824,0.363894,0.359575,0.33711,0.358516,0.358588,0.363153,0.353174,0.360096,0.341415,0.35702,0.37311,0.358536,0.344307,0.34739,0.344959,0.355102,0.327996,0.352199,0.367582,0.351456,0.361253,0.346562,0.35223,0.353358,0.334883,0.359489,0.332254,0.347586,0.3643,0.371103,0.36241,0.365152,0.385705,0.368452,0.370342,0.360753,0.36481,0.38947,0.392892,0.394145,0.394279,0.409755,0.413817,0.410047,0.400857,0.408144,0.437224,0.427239,0.426492,0.437717,0.448888,0.448083,0.449784
0.377976,0.380991,0.370356,0.354267,0.384218,0.361331,0.346581,0.367518,0.343801,0.344952,0.342344,0.348761,0.34126,0.339244,0.333576,0.332644,0.335141,0.341044,0.338806,0.333649,0.30969,0.305055,0.314919,0.317681,0.329837,0.30237,0.311249,0.31169,0.310061,0.283364,0.291658,0.296885,0.301395,0.305326,0.320299,0.29926,0.297692,0.283031,0.302384,0.299626,0.294093,0.312585,0.286045,0.307229,0.291883,0.294384,0.294586,0.291458,0.286607,0.303851,0.300513,0.294753,0.295599,0.323347,0.28969,0.313339,0.309001,0.310886,0.325387,0.313583,0.321016,0.312904,0.328218,0.312772,0.334356,0.320613,0.336083,0.356017,0.341526,0.33603,0.359331,0.362364,0.362182,0.359038,0.362459,0.377327,0.383346,0.377695,0.390772,0.382635
0.237069,0.230759,0.212288,0.236636,0.232368,0.218947,0.22231,0.205267,0.199343,0.213579,0.210573,0.201268,0.189319,0.191651,0.204522,0.189593,0.208191,0.192323,0.191951,0.176761,0.191896,0.191493,0.194701,0.188982,0.193949,0.171725,0.209403,0.190542,0.183382,0.172658,0.174478,0.195286,0.185622,0.170454,0.163225,0.182042,0.181467,0.174528,0.17671,0.193579,0.193058,0.177134,0.180355,0.18443,0.180274,0.160726,0.187351,0.17958,0.176791,0.190423,0.181775,0.172637,0.189924,0.19342,0.185787,0.193038,0.174114,0.186311,0.190943,0.191666,0.174449,0.209556,0.180731,0.208658,0.197941,0.188455,0.189453,0.194705,0.214967,0.203296,0.21479,0.212858,0.204809,0.221773,0.205156,0.217265,0.218557,0.221992,0.21855,0.246709
