-1,-1,-1,-1,-1,-1,-1,-1,-1,-1,-1,-1,-1,-1,-1,-1,-1,-1,-1,-1,-1,-1,-1,-1,-1,-1,-1,-1,-1,-1,-1,4.1046,4.0877,4.09444,4.08007,8.33788,8.2667,8.20195,8.14355,8.06677,8.02416,7.96188,7.92155,7.85936,7.82408,7.78726,4.46404,4.08668,4.09033,4.09775,4.11601,-1,-1,-1,-1,-1,-1,-1,-1,-1,-1,-1,-1,-1,-1,-1,-1,-1,-1,-1,-1,-1,-1,-1,-1,-1,-1,-1,-1,-1
-1,-1,-1,-1,-1,-1,-1,-1,-1,-1,-1,-1,-1,-1,-1,-1,-1,-1,-1,-1,-1,-1,-1,-1,-1,-1,-1,-1,-1,-1,-1,4.04267,4.05508,4.0274,4.02156,6.08961,6.05164,6.01961,5.98306,5.94695,5.92286,5.88871,5.86882,5.84513,5.83139,5.8076,5.77778,4.02925,4.04139,4.05096,4.06914,-1,-1,-1,-1,-1,-1,-1,-1,-1,-1,-1,-1,-1,-1,-1,-1,-1,-1,-1,-1,-1,-1,-1,-1,-1,-1,-1,-1,-1
-1,-1,-1,-1,-1,-1,-1,-1,-1,-1,-1,-1,-1,-1,-1,-1,-1,-1,-1,-1,-1,-1,-1,-1,-1,-1,-1,-1,-1,-1,3.94743,3.94908,3.93522,3.92607,3.91867,6.93379,6.87439,6.81351,6.75371,6.69184,6.63691,6.57993,6.52959,6.48881,6.44268,6.39923,6.37288,3.92953,3.94239,3.95831,3.96663,3.97047,-1,-1,-1,-1,-1,-1,-1,-1,-1,-1,-1,-1,-1,-1,-1,-1,-1,-1,-1,-1,-1,-1,-1,-1,-1,-1,-1,-1
-1,-1,-1,-1,-1,-1,-1,-1,-1,-1,-1,-1,-1,-1,-1,-1,-1,-1,-1,-1,-1,-1,-1,-1,-1,-1,-1,-1,-1,-1,3.90621,3.88493,3.87833,3.88031,3.85975,6.86139,6.77755,6.69383,6.62435,6.56266,6.49964,6.44502,6.37464,6.32772,6.26792,6.23905,6.17092,3.87651,3.88592,3.89931,3.90846,3.93387,-1,-1,-1,-1,-1,-1,-1,-1,-1,-1,-1,-1,-1,-1,-1,-1,-1,-1,-1,-1,-1,-1,-1,-1,-1,-1,-1,-1
-1,-1,-1,-1,-1,-1,-1,-1,-1,-1,-1,-1,-1,-1,-1,-1,-1,-1,-1,-1,-1,-1,-1,-1,-1,-1,-1,-1,-1,-1,3.81892,3.8096,3.80232,3.78196,3.77414,6.66391,6.58065,6.49379,6.41042,6.32564,6.25691,6.18395,6.13446,6.05452,6.01007,5.9407,5.88994,3.86942,3.80208,3.81091,3.82463,3.85339,-1,-1,-1,-1,-1,-1,-1,-1,-1,-1,-1,-1,-1,-1,-1,-1,-1,-1,-1,-1,-1,-1,-1,-1,-1,-1,-1,-1
-1,-1,-1,-1,-1,-1,-1,-1,-1,-1,-1,-1,-1,-1,-1,-1,-1,-1,-1,-1,-1,-1,-1,-1,-1,-1,-1,-1,-1,-1,3.72213,3.7111,3.7073,3.6983,3.74331,6.78994,6.69214,6.5837,6.50077,6.39597,6.30541,6.24309,6.15487,6.08513,6.0129,5.94245,5.87749,4.03647,3.72002,3.7323,3.74124,3.74862,-1,-1,-1,-1,-1,-1,-1,-1,-1,-1,-1,-1,-1,-1,-1,-1,-1,-1,-1,-1,-1,-1,-1,-1,-1,-1,-1,-1
-1,-1,-1,-1,-1,-1,-1,-1,-1,-1,-1,-1,-1,-1,-1,-1,-1,-1,-1,-1,-1,-1,-1,-1,-1,-1,-1,-1,-1,-1,3.61571,3.60198,3.59456,3.59196,3.85328,6.5904,6.48716,6.38517,6.28921,6.18935,6.10713,6.02454,5.93811,5.85922,5.79258,5.72684,5.65173,3.92349,3.59949,3.61238,3.63316,3.63969,3.64994,-1,-1,-1,-1,-1,-1,-1,-1,-1,-1,-1,-1,-1,-1,-1,-1,-1,-1,-1,-1,-1,-1,-1,-1,-1,-1,-1
-1,-1,-1,-1,-1,-1,-1,-1,-1,-1,-1,-1,-1,-1,-1,-1,-1,-1,-1,-1,-1,-1,-1,-1,-1,-1,-1,-1,-1,3.524,3.51432,3.49337,3.49092,3.48421,3.82833,6.41396,6.30453,6.20509,6.10443,6.00922,5.91359,5.84424,5.76416,5.69493,5.60488,5.56819,5.49194,5.43021,3.49803,3.51263,3.52769,3.53179,3.55524,-1,-1,-1,-1,-1,-1,-1,-1,-1,-1,-1,-1,-1,-1,-1,-1,-1,-1,-1,-1,-1,-1,-1,-1,-1,-1,-1
-1,-1,-1,-1,-1,-1,-1,-1,-1,-1,-1,-1,-1,-1,-1,-1,-1,-1,-1,-1,-1,-1,-1,-1,-1,-1,-1,-1,-1,3.45102,3.45099,3.43035,3.43017,3.42913,3.77468,6.28766,6.1886,6.09078,5.9871,5.90933,5.82336,5.74107,5.65775,5.58517,5.52165,5.46535,5.39726,5.33624,3.43655,3.45277,3.46018,3.47291,3.4844,-1,-1,-1,-1,-1,-1,-1,-1,-1,-1,-1,-1,-1,-1,-1,-1,-1,-1,-1,-1,-1,-1,-1,-1,-1,-1,-1
-1,-1,-1,-1,-1,-1,-1,-1,-1,-1,-1,-1,-1,-1,-1,-1,-1,-1,-1,-1,-1,-1,-1,-1,-1,-1,-1,-1,-1,3.38837,3.36252,3.35717,3.36698,3.35717,3.75436,6.29647,6.20571,6.1079,6.01769,5.92695,5.83973,5.75806,5.67934,5.62325,5.54171,5.48194,5.42336,5.36103,3.44852,3.39776,3.39325,3.40782,3.40968,3.44417,-1,-1,-1,-1,-1,-1,-1,-1,-1,-1,-1,-1,-1,-1,-1,-1,-1,-1,-1,-1,-1,-1,-1,-1,-1,-1
-1,-1,-1,-1,-1,-1,-1,-1,-1,-1,-1,-1,-1,-1,-1,-1,-1,-1,-1,-1,-1,-1,-1,-1,-1,-1,-1,-1,-1,3.3045,3.30211,3.30267,3.29813,3.291,6.66495,6.5411,6.43098,6.32324,6.22362,6.13155,6.03736,5.95392,5.872,5.80745,5.73205,5.65994,5.5943,5.53625,3.57516,3.31613,3.32149,3.3436,3.34346,3.35922,-1,-1,-1,-1,-1,-1,-1,-1,-1,-1,-1,-1,-1,-1,-1,-1,-1,-1,-1,-1,-1,-1,-1,-1,-1,-1
-1,-1,-1,-1,-1,-1,-1,-1,-1,-1,-1,-1,-1,-1,-1,-1,-1,-1,-1,-1,-1,-1,-1,-1,-1,-1,-1,-1,3.24228,3.24182,3.21741,3.21606,3.21165,3.21878,7.7377,7.58302,7.43553,7.31542,7.17822,7.05991,6.93963,6.8326,6.7335,6.63972,6.5373,6.4521,6.35977,6.27106,3.56136,3.23647,3.23982,3.26397,3.26004,3.28197,-1,-1,-1,-1,-1,-1,-1,-1,-1,-1,-1,-1,-1,-1,-1,-1,-1,-1,-1,-1,-1,-1,-1,-1,-1,-1
-1,-1,-1,-1,-1,-1,-1,-1,-1,-1,-1,-1,-1,-1,-1,-1,-1,-1,-1,-1,-1,-1,-1,-1,-1,-1,-1,-1,3.16813,3.15043,3.15161,3.14668,3.13007,3.16169,-1,7.73478,7.73324,8.19785,8.08777,7.9393,7.80293,7.65388,7.52841,7.41549,7.29427,7.18658,7.08233,6.98272,3.49461,3.1517,3.16542,3.1747,3.1865,3.20169,0.401441,-1,-1,-1,-1,-1,-1,-1,-1,-1,-1,-1,-1,-1,-1,-1,-1,-1,-1,-1,-1,-1,-1,-1,-1,-1
-1,-1,-1,-1,-1,-1,-1,-1,-1,-1,-1,-1,-1,-1,-1,-1,-1,-1,-1,-1,-1,-1,-1,-1,-1,-1,-1,-1,3.10827,3.10807,3.09468,3.07476,3.06629,3.16897,-1,7.66191,7.66209,-1,2.06456,8.18053,8.16725,8.06709,7.92588,7.79253,7.68125,7.55809,7.44211,7.33464,3.44998,3.09624,3.10048,3.12094,3.13117,3.13306,3.14905,-1,-1,-1,-1,-1,-1,-1,-1,-1,-1,-1,-1,-1,-1,-1,-1,-1,-1,-1,-1,-1,-1,-1,-1,-1
-1,-1,-1,-1,-1,-1,-1,-1,-1,-1,-1,-1,-1,-1,-1,-1,-1,-1,-1,-1,-1,-1,-1,-1,-1,-1,-1,1.68942,3.03014,3.0176,3.00865,2.99068,2.99324,3.37492,-1,7.5694,7.5626,-1,-1,8.10092,8.09661,8.08578,7.97587,7.84714,7.71905,7.61805,7.51499,7.41092,7.31676,3.06888,3.02626,3.02759,3.04344,3.06752,3.06193,-1,-1,-1,-1,-1,-1,-1,-1,-1,-1,-1,-1,-1,-1,-1,-1,-1,-1,-1,-1,-1,-1,-1,-1,-1
-1,-1,-1,-1,-1,-1,-1,-1,-1,-1,-1,-1,-1,-1,-1,-1,-1,-1,-1,-1,-1,-1,-1,-1,-1,-1,-1,2.96772,2.95516,2.95622,2.95383,2.94377,2.92485,3.29841,-1,7.5264,7.51578,8.04758,8.01844,7.95523,7.84237,7.74341,7.63121,7.52734,7.42521,7.34295,7.25347,7.17293,7.09223,3.06148,2.95804,2.97894,2.98519,2.98297,3.00491,-1,-1,-1,-1,-1,-1,-1,-1,-1,-1,-1,-1,-1,-1,-1,-1,-1,-1,-1,-1,-1,-1,-1,-1,-1
-1,-1,-1,-1,-1,-1,-1,-1,-1,-1,-1,-1,-1,-1,-1,-1,-1,-1,-1,-1,-1,-1,-1,-1,-1,-1,-1,2.90952,2.89893,2.88805,2.87479,2.87276,2.86811,3.23314,7.86341,7.62047,7.64721,7.55272,7.44919,7.35988,7.28383,7.18947,7.10408,7.02846,6.95222,6.89296,6.82688,6.76622,6.69769,3.22781,2.88618,2.90606,2.90556,2.92625,2.93255,2.95166,-1,-1,-1,-1,-1,-1,-1,-1,-1,-1,-1,-1,-1,-1,-1,-1,-1,-1,-1,-1,-1,-1,-1,-1
-1,-1,-1,-1,-1,-1,-1,-1,-1,-1,-1,-1,-1,-1,-1,-1,-1,-1,-1,-1,-1,-1,-1,-1,-1,-1,-1,2.86634,2.854,2.83794,2.82475,2.82984,2.80385,4.51476,7.18349,7.08367,7.00213,6.9439,6.86168,6.78103,6.72529,6.67649,6.61014,6.55316,6.49311,6.45309,6.40408,6.36957,6.31663,3.17702,2.84566,2.85425,2.85686,2.86726,2.87952,2.89217,-1,-1,-1,-1,-1,-1,-1,-1,-1,-1,-1,-1,-1,-1,-1,-1,-1,-1,-1,-1,-1,-1,-1,-1
-1,-1,-1,-1,-1,-1,-1,-1,-1,-1,-1,-1,-1,-1,-1,-1,-1,-1,-1,-1,-1,-1,-1,-1,-1,-1,2.82126,2.79152,2.78799,2.77505,2.78567,2.76343,2.77769,6.47547,6.41308,6.35875,6.29984,6.25833,6.20725,6.16884,6.12291,6.07328,6.04627,6.01141,5.97873,5.94268,5.90946,5.89103,5.86323,3.11426,2.76505,2.77239,2.78979,2.80602,2.81304,2.83508,-1,-1,-1,-1,-1,-1,-1,-1,-1,-1,-1,-1,-1,-1,-1,-1,-1,-1,-1,-1,-1,-1,-1,-1
-1,-1,-1,-1,-1,-1,-1,-1,-1,-1,-1,-1,-1,-1,-1,-1,-1,-1,-1,-1,-1,-1,-1,-1,-1,-1,2.74631,2.72444,2.71838,2.70292,2.71284,2.68692,2.77687,6.02607,5.97549,5.93083,5.90575,5.84667,5.81947,5.77771,5.75704,5.72352,5.71601,5.66823,5.65709,5.64428,5.62328,5.6114,5.58963,3.07222,2.76508,2.71574,2.73663,2.7381,2.75013,2.76271,2.78237,-1,-1,-1,-1,-1,-1,-1,-1,-1,-1,-1,-1,-1,-1,-1,-1,-1,-1,-1,-1,-1,-1,-1
-1,-1,-1,-1,-1,-1,-1,-1,-1,-1,-1,-1,-1,-1,-1,-1,-1,-1,-1,-1,-1,-1,-1,-1,-1,-1,2.6739,2.65817,2.6397,2.63575,2.62627,2.61872,2.96299,5.87131,5.83041,5.80048,5.76922,5.73833,5.70718,5.69274,5.66318,5.64259,5.61864,5.5942,5.57914,5.56273,5.5599,5.54922,5.54964,5.5285,2.83575,2.63504,2.63887,2.66018,2.67618,2.67497,2.69916,-1,-1,-1,-1,-1,-1,-1,-1,-1,-1,-1,-1,-1,-1,-1,-1,-1,-1,-1,-1,-1,-1,-1
-1,-1,-1,-1,-1,-1,-1,-1,-1,-1,-1,-1,-1,-1,-1,-1,-1,-1,-1,-1,-1,-1,-1,-1,-1,2.60353,2.59744,2.57034,2.57851,2.56571,2.55026,2.54863,2.90682,5.98363,5.96067,5.92919,5.91078,5.87789,5.85254,5.83101,5.79775,5.77566,5.75973,5.74437,5.73532,5.71245,5.7085,5.70231,5.68181,5.69601,2.91049,2.56165,2.56711,2.58866,2.60047,2.59967,2.62575,2.63748,-1,-1,-1,-1,-1,-1,-1,-1,-1,-1,-1,-1,-1,-1,-1,-1,-1,-1,-1,-1,-1,-1
-1,-1,-1,-1,-1,-1,-1,-1,-1,-1,-1,-1,-1,-1,-1,-1,-1,-1,-1,-1,-1,-1,-1,-1,-1,2.54748,2.54407,2.52582,2.50618,2.49332,2.49615,2.4938,2.84913,6.23819,6.2112,6.17695,6.13036,6.10967,6.07737,6.05828,6.02902,6.0165,6.0058,5.98562,5.97403,5.96286,5.93863,5.91811,5.92337,5.92141,2.84671,2.50542,2.51257,2.52299,2.53428,2.54374,2.5638,2.57095,-1,-1,-1,-1,-1,-1,-1,-1,-1,-1,-1,-1,-1,-1,-1,-1,-1,-1,-1,-1,-1,-1
-1,-1,-1,-1,-1,-1,-1,-1,-1,-1,-1,-1,-1,-1,-1,-1,-1,-1,-1,-1,-1,-1,-1,-1,2.4611,2.43745,2.43587,2.4321,2.42665,2.40505,2.39226,2.45568,5.34756,6.73487,6.67488,6.65374,6.61514,6.57984,6.54623,6.52281,6.49837,6.46823,6.45297,6.42889,6.41211,6.4017,6.37792,6.37667,6.35512,6.35338,2.77095,2.52384,2.40554,2.41991,2.43847,2.4447,2.45733,2.48485,2.49481,-1,-1,-1,-1,-1,-1,-1,-1,-1,-1,-1,-1,-1,-1,-1,-1,-1,-1,-1,-1,-1
-1,-1,-1,-1,-1,-1,-1,-1,-1,-1,-1,-1,-1,-1,-1,-1,-1,-1,-1,-1,-1,-1,-1,-1,2.3991,2.3877,2.37346,2.37527,2.35155,2.34526,2.34965,2.46635,-1,7.00344,6.96666,6.91885,6.89157,6.83903,6.81308,6.78995,6.75874,6.72319,6.68913,6.67024,6.65732,6.6428,6.61696,6.62373,6.60882,6.58665,-1,2.71224,2.35914,2.36133,2.3764,2.38763,2.39837,2.40202,2.42657,-1,-1,-1,-1,-1,-1,-1,-1,-1,-1,-1,-1,-1,-1,-1,-1,-1,-1,-1,-1,-1
-1,-1,-1,-1,-1,-1,-1,-1,-1,-1,-1,-1,-1,-1,-1,-1,-1,-1,-1,-1,-1,-1,-1,0.111842,2.33008,2.32869,2.30161,2.29044,2.28815,2.28457,2.27236,2.63814,-1,7.28047,6.9904,6.96661,7.14714,7.1058,7.0638,7.02361,6.99831,6.96413,6.94425,6.91557,6.9005,6.86625,6.84861,6.82646,6.82531,6.68168,-1,2.64337,2.31313,2.30413,2.29977,2.30763,2.31553,2.34578,2.34743,2.37486,-1,-1,-1,-1,-1,-1,-1,-1,-1,-1,-1,-1,-1,-1,-1,-1,-1,-1,-1,-1
-1,-1,-1,-1,-1,-1,-1,-1,-1,-1,-1,-1,-1,-1,-1,-1,-1,-1,-1,-1,-1,-1,-1,2.27921,2.26639,2.25142,2.24681,2.23081,2.22354,2.22002,2.20554,2.58925,-1,7.37972,6.81949,6.8212,7.30681,7.26102,7.23655,7.18573,7.15218,7.11465,7.08192,7.06577,7.03207,7.00351,6.98578,6.97054,6.94983,6.67766,-1,2.59469,2.3355,2.24125,2.24109,2.26008,2.26005,2.27324,2.29854,2.30109,-1,-1,-1,-1,-1,-1,-1,-1,-1,-1,-1,-1,-1,-1,-1,-1,-1,-1,-1,-1
-1,-1,-1,-1,-1,-1,-1,-1,-1,-1,-1,-1,-1,-1,-1,-1,-1,-1,-1,-1,-1,-1,0.065879,2.19043,2.17667,2.16214,2.15997,2.1572,2.13782,2.13086,2.20484,2.51257,-1,-1,6.73014,6.72971,7.2521,7.24209,7.24558,7.22567,7.22773,7.23324,7.22723,7.18732,7.1681,7.14217,6.76639,6.77655,7.07064,-1,-1,1.36577,2.52762,2.15617,2.17084,2.17565,2.17607,2.19872,2.20702,2.21781,2.24147,-1,-1,-1,-1,-1,-1,-1,-1,-1,-1,-1,-1,-1,-1,-1,-1,-1,-1,-1
-1,-1,-1,-1,-1,-1,-1,-1,-1,-1,-1,-1,-1,-1,-1,-1,-1,-1,-1,-1,-1,-1,2.14258,2.13759,2.11539,2.105,2.11155,2.09207,2.07843,2.08438,2.19432,0.170566,-1,-1,6.66936,6.67428,-1,1.73159,7.1787,7.17866,7.17623,7.17064,7.18177,7.19158,7.2038,7.18456,6.69201,6.70031,7.12378,-1,-1,-1,2.48006,2.15186,2.10494,2.11008,2.11262,2.13664,2.15055,2.16291,2.17142,0.0604528,-1,-1,-1,-1,-1,-1,-1,-1,-1,-1,-1,-1,-1,-1,-1,-1,-1,-1
-1,-1,-1,-1,-1,-1,-1,-1,-1,-1,-1,-1,-1,-1,-1,-1,-1,-1,-1,-1,-1,0.030556,2.07874,2.07,2.06586,2.04498,2.04801,2.01916,2.02689,2.03009,2.40941,-1,-1,-1,6.61962,6.60803,-1,-1,-1,1.71162,7.10566,7.12996,7.1269,7.13135,7.13672,7.14163,6.63174,6.64172,7.14088,-1,-1,-1,2.40095,2.15676,2.05485,2.04116,2.07357,2.07619,2.0889,2.11022,2.12047,2.13636,-1,-1,-1,-1,-1,-1,-1,-1,-1,-1,-1,-1,-1,-1,-1,-1,-1,-1
-1,-1,-1,-1,-1,-1,-1,-1,-1,-1,-1,-1,-1,-1,-1,-1,-1,-1,-1,-1,-1,2.01955,2.01921,2.00953,1.98339,1.98675,1.97743,1.96568,1.96442,1.99005,2.32765,-1,-1,-1,6.53962,6.54959,-1,-1,-1,-1,-1,4.37047,7.06087,7.05731,7.07871,7.07738,6.56112,6.57434,7.1226,-1,-1,-1,2.34635,2.35925,2.01202,1.99759,1.99813,2.00911,2.02155,2.03498,2.04112,2.05563,2.07106,-1,-1,-1,-1,-1,-1,-1,-1,-1,-1,-1,-1,-1,-1,-1,-1,-1
-1,-1,-1,-1,-1,-1,-1,-1,-1,-1,-1,-1,-1,-1,-1,-1,-1,-1,-1,-1,1.97352,1.9556,1.9447,1.93121,1.93294,1.91792,1.89894,1.88771,1.8879,2.00157,2.25754,-1,-1,-1,6.4816,6.46786,-1,-1,-1,-1,-1,-1,6.99635,6.98872,7.00249,7.01041,6.49452,6.50857,7.05685,-1,-1,-1,-1,2.27754,2.00805,1.91873,1.93215,1.94089,1.9412,1.95393,1.96464,1.98749,1.99737,0.00527573,-1,-1,-1,-1,-1,-1,-1,-1,-1,-1,-1,-1,-1,-1,-1,-1
-1,-1,-1,-1,-1,-1,-1,-1,-1,-1,-1,-1,-1,-1,-1,-1,-1,-1,-1,-1,1.89522,1.88961,1.8723,1.87124,1.85694,1.8445,1.83938,1.82351,1.81993,2.20641,1.14922,-1,-1,-1,6.40795,6.39465,-1,-1,-1,-1,-1,-1,6.9344,6.92183,6.94237,6.94484,6.42278,6.43562,6.98871,6.71543,-1,-1,-1,2.20572,2.22725,1.86853,1.8486,1.87878,1.87104,1.88824,1.89589,1.92231,1.92539,1.93216,-1,-1,-1,-1,-1,-1,-1,-1,-1,-1,-1,-1,-1,-1,-1,-1
-1,-1,-1,-1,-1,-1,-1,-1,-1,-1,-1,-1,-1,-1,-1,-1,-1,-1,-1,1.8445,1.83861,1.82422,1.80917,1.80576,1.78941,1.77224,1.78115,1.77505,1.86021,2.14213,-1,-1,-1,-1,6.36081,6.34474,-1,-1,-1,-1,1.6282,6.8572,6.86592,6.8788,6.88136,6.88691,6.37291,6.38513,6.90995,4.09592,-1,-1,-1,2.16485,2.16965,1.84982,1.80074,1.81314,1.82434,1.84287,1.84654,1.85513,1.86377,1.87991,1.89462,-1,-1,-1,-1,-1,-1,-1,-1,-1,-1,-1,-1,-1,-1,-1
-1,-1,-1,-1,-1,-1,-1,-1,-1,-1,-1,-1,-1,-1,-1,-1,-1,0.862981,1.78065,1.75824,1.75254,1.74298,1.73071,1.72914,1.71637,1.70823,1.70971,1.90408,2.07288,-1,-1,-1,-1,6.27867,6.26118,3.86927,-1,-1,-1,-1,-1,-1,-1,-1,-1,6.27376,6.2878,6.30372,1.62952,-1,-1,-1,-1,2.08077,2.10418,1.77271,1.71697,1.73928,1.75482,1.74831,1.76956,1.78348,1.79038,1.79615,1.82043,-1,-1,-1,-1,-1,-1,-1,-1,-1,-1,-1,-1,-1,-1,-1
-1,-1,-1,-1,-1,-1,-1,-1,-1,-1,-1,-1,-1,-1,-1,-1,1.70849,1.69671,1.68709,1.6808,1.66799,1.66705,1.63558,1.63983,1.6313,1.63199,1.8138,2.01141,0.194606,-1,-1,-1,-1,6.16526,6.16761,-1,-1,-1,-1,-1,-1,-1,-1,-1,-1,6.16188,6.18772,3.79517,-1,-1,-1,-1,-1,2.01026,2.03157,1.72175,1.63753,1.64658,1.65208,1.66053,1.6825,1.69068,1.70312,1.71673,1.72838,1.74972,-1,-1,-1,-1,-1,-1,-1,-1,-1,-1,-1,-1,-1,-1
-1,-1,-1,-1,-1,-1,-1,-1,-1,-1,-1,-1,-1,-1,1.65053,1.63765,1.63374,1.61714,1.60529,1.59542,1.58964,1.5884,1.57376,1.55686,1.57953,1.76351,1.93935,2.52075,-1,-1,-1,-1,6.11709,6.09358,6.08439,-1,-1,-1,-1,-1,-1,-1,-1,-1,-1,6.10119,6.11216,-1,-1,-1,-1,-1,2.52866,1.94629,1.95827,1.6631,1.57312,1.58198,1.5913,1.59821,1.60797,1.62118,1.63266,1.64833,1.66197,1.66967,-1,-1,-1,-1,-1,-1,-1,-1,-1,-1,-1,-1,-1,-1
-1,-1,-1,-1,-1,-1,-1,-1,-1,-1,-1,-1,-1,0.743782,1.60432,1.58225,1.56781,1.55769,1.55376,1.54125,1.53922,1.52416,1.52247,1.52082,1.60167,1.89511,1.88318,-1,-1,-1,-1,-1,6.06831,6.07048,6.11121,-1,-1,-1,-1,-1,-1,-1,-1,-1,-1,6.06139,6.08056,-1,-1,-1,-1,-1,-1,1.89416,1.89621,1.64126,1.55396,1.52858,1.54451,1.56143,1.5634,1.57008,1.58051,1.5982,1.60812,1.62396,1.642,-1,-1,-1,-1,-1,-1,-1,-1,-1,-1,-1,-1,-1
-1,-1,-1,-1,-1,-1,-1,-1,-1,-1,-1,-1,0.702459,1.5565,1.53649,1.52091,1.51054,1.50604,1.49646,1.4723,1.48098,1.47601,1.46084,1.50422,1.84022,1.83065,2.36252,-1,-1,-1,-1,-1,6.02591,6.02434,-1,-1,-1,-1,-1,-1,-1,-1,-1,-1,4.03657,6.03093,6.05037,6.607,-1,-1,-1,-1,-1,2.16905,1.83073,1.84106,1.54207,1.47632,1.49422,1.49402,1.49805,1.50669,1.52589,1.5241,1.55251,1.55769,1.57038,0.722917,-1,-1,-1,-1,-1,-1,-1,-1,-1,-1,-1,-1
-1,-1,-1,-1,-1,-1,-1,-1,-1,-1,-1,1.49992,1.48618,1.46945,1.46851,1.44905,1.44148,1.4244,1.42185,1.4188,1.39245,1.40045,1.42931,1.51154,1.76428,1.75386,-1,-1,-1,-1,-1,-1,5.95315,5.94953,-1,-1,-1,-1,-1,-1,-1,-1,-1,-1,-1,5.95507,5.96728,-1,-1,-1,-1,-1,-1,2.31942,1.77137,1.77482,1.61402,1.45343,1.40516,1.42075,1.43238,1.42894,1.44828,1.46176,1.46746,1.49434,1.49466,1.51299,1.52386,-1,-1,-1,-1,-1,-1,-1,-1,-1,-1,-1
-1,-1,-1,-1,-1,-1,-1,-1,-1,-1,1.45629,1.43681,1.42344,1.4182,1.3998,1.39419,1.38253,1.37201,1.35785,1.3557,1.34311,1.34288,1.42392,1.72548,1.70597,2.20903,-1,-1,-1,-1,-1,-1,5.8871,5.88409,-1,-1,-1,-1,-1,-1,-1,-1,-1,-1,-1,5.87855,5.89694,-1,-1,-1,-1,-1,-1,1.21169,2.00448,1.72145,1.73686,1.44702,1.37108,1.3473,1.35781,1.37201,1.38232,1.38733,1.39739,1.4158,1.42523,1.44553,1.45196,1.47074,-1,-1,-1,-1,-1,-1,-1,-1,-1,-1
-1,-1,-1,-1,-1,-1,-1,-1,-0.204724,1.38814,1.36308,1.35733,1.34184,1.33162,1.31278,1.31542,1.31334,1.29826,1.28103,1.28194,1.2973,1.35553,1.66477,1.66662,1.79527,2.20645,-1,-1,-1,-1,-1,-1,5.80245,5.79719,-1,-1,-1,-1,-1,-1,-1,-1,-1,-1,-1,5.79786,5.80637,-1,-1,-1,-1,-1,-1,-1,2.15372,1.64584,1.66106,1.67002,1.37582,1.30164,1.28091,1.2884,1.29634,1.29949,1.30915,1.32944,1.34049,1.36095,1.37023,1.3775,1.38765,-0.197977,-1,-1,-1,-1,-1,-1,-1,-1
-1,-1,-1,-1,-1,-1,-1,1.34333,1.31411,1.29716,1.28855,1.27582,1.28248,1.25602,1.24445,1.23687,1.22755,1.21773,1.20386,1.22466,1.29767,1.59993,1.60365,1.58519,2.08139,-1,-1,-1,-1,-1,-1,-1,5.73076,5.70534,-1,-1,-1,-1,-1,-1,-1,-1,-1,-1,-1,5.71143,5.72824,5.74726,-1,-1,-1,-1,-1,-1,2.14949,2.02093,1.93373,1.94706,1.9492,1.29786,1.24532,1.20119,1.21431,1.23333,1.24705,1.25192,1.25427,1.27471,1.28321,1.29755,1.30792,1.32489,1.33723,-1,-1,-1,-1,-1,-1,-1
-1,-1,-1,-1,-1,0.517697,1.26436,1.244,1.24704,1.22842,1.20769,1.21046,1.19914,1.17839,1.15538,1.15316,1.14636,1.13969,1.17321,1.22188,1.54631,1.54003,1.52405,1.93881,2.07548,-1,-1,-1,-1,-1,-1,3.44209,5.64623,5.64173,-1,-1,-1,-1,-1,-1,-1,-1,-1,-1,-1,5.64321,5.64107,5.64798,-1,-1,-1,-1,-1,-1,-1,2.03108,1.91151,1.87259,1.88971,1.9014,1.24381,1.18612,1.14106,1.15011,1.16166,1.17073,1.17384,1.18856,1.20817,1.21981,1.22364,1.24895,1.25368,1.26782,0.519885,-1,-1,-1,-1,-1
-1,-1,-1,-0.261593,1.20871,1.20282,1.18699,1.17598,1.16356,1.14777,1.14302,1.13609,1.11898,1.09979,1.09328,1.09047,1.08273,1.1241,1.17473,1.48515,1.70419,1.8131,1.83767,1.94866,-1,-1,-1,-1,-1,-1,-1,5.60197,5.57751,5.57715,-1,-1,-1,-1,-1,-1,-1,-1,-1,-1,-1,5.58535,5.57179,5.59041,-1,-1,-1,-1,-1,-1,-1,2.0158,1.90262,1.80073,1.81994,1.82464,1.85323,1.18782,1.13559,1.09484,1.08288,1.09197,1.11124,1.12545,1.12593,1.1427,1.15926,1.15658,1.17824,1.18408,1.20417,1.22383,0.487583,-1,-1,-1
-1,-0.277064,1.16421,1.14822,1.12815,1.13234,1.1121,1.0968,1.08795,1.07833,1.0623,1.04022,1.03496,1.03084,1.02613,1.03126,1.08782,1.11728,1.65254,1.76071,1.75261,1.74026,1.83822,1.94726,-1,-1,-1,-1,-1,-1,-1,5.54084,5.52453,5.51313,-1,-1,-1,-1,-1,-1,-1,-1,-1,-1,-1,5.49463,5.50713,5.52039,-1,-1,-1,-1,-1,-1,-1,0.00483616,1.90357,1.80908,1.74652,1.75147,1.76142,1.77177,1.13778,1.09409,1.0524,1.02249,1.03762,1.04494,1.04841,1.07031,1.07666,1.08273,1.09764,1.10815,1.12056,1.1298,1.15057,1.16876,-0.278271,-1
1.10915,1.10008,1.08536,1.07486,1.06434,1.04709,1.02033,1.02218,1.00872,0.994405,0.976766,0.97517,0.962837,0.957743,1.00209,1.03717,1.29427,1.71851,1.70392,1.6856,1.67555,1.74153,1.84567,-1,-1,-1,-1,-1,-1,-1,-1,5.46274,5.45224,5.42704,-1,-1,-1,-1,-1,-1,-1,-1,-1,-1,-1,5.42302,5.44899,5.45779,-1,-1,-1,-1,-1,-1,-1,-1,1.90036,1.79391,1.72051,1.67543,1.70082,1.7151,1.72551,1.51147,1.04776,1.0037,0.973238,0.974277,0.968209,0.990508,0.995878,1.0007,1.02254,1.02547,1.0419,1.05065,1.07937,1.07778,1.09254,1.11195
1.03927,1.02518,1.01449,0.997834,0.985672,0.962911,0.968822,0.952,0.946258,0.929141,0.921806,0.906277,0.934072,0.959228,0.996233,1.46815,1.66676,1.65575,1.64038,1.62771,1.65337,1.73833,1.82971,-1,-1,-1,-1,-1,-1,-1,-1,5.40898,5.39781,5.3836,-1,-1,-1,-1,-1,-1,-1,-1,-1,-1,-1,5.3728,5.38052,5.40355,-1,-1,-1,-1,-1,-1,-1,-1,-0.0315348,1.7925,1.71207,1.62564,1.6386,1.64532,1.66489,1.66535,1.67785,1.01367,0.976387,0.943453,0.919843,0.922953,0.92475,0.933992,0.947457,0.965676,0.98044,0.989133,0.998471,1.01442,1.0268,1.04
1.01893,1.0142,0.987908,0.971647,0.957865,0.96384,0.949235,0.925189,0.918158,0.90536,0.909903,0.897386,0.940824,0.96579,1.09725,1.26176,1.24576,1.24489,1.22893,1.36837,1.65869,1.7604,0.171618,0.180803,0.178312,0.190992,1.98303,2.03073,2.05509,2.07562,2.10477,4.25174,4.27879,4.30088,2.20773,2.23492,2.28015,2.30375,2.33775,2.37331,2.41622,2.46082,2.49257,2.54842,2.59134,4.6495,4.67201,4.68524,2.76804,0.462405,0.487103,0.504473,0.526011,0.549351,0.580441,0.528701,-1,0.871377,1.69639,1.61448,1.35686,1.35977,1.36967,1.37586,1.3774,1.23425,0.968032,0.936641,0.916093,0.904149,0.89512,0.918986,0.917349,0.935566,0.938612,0.953741,0.973472,0.969572,0.997278,1.00993
1.54359,1.58538,1.61546,1.64327,1.68555,1.72311,1.77557,1.83676,1.873,1.60232,1.44703,1.42177,1.41109,1.39579,1.37972,1.37941,1.35845,1.35346,1.33414,1.33009,1.32936,1.38993,1.45858,2.18332,2.50291,2.46872,2.48356,2.45156,2.45474,2.45014,2.43633,2.43058,2.4225,2.41476,2.41604,2.41271,2.41789,2.41158,2.40515,2.41685,2.4106,2.41131,2.40838,2.41175,2.42364,2.4251,2.42609,2.42799,2.44255,2.44658,2.44262,2.46824,2.46715,2.47408,2.4901,2.50668,2.18526,1.44522,1.3701,1.32093,1.32516,1.33514,1.35203,1.35123,1.36274,1.37455,1.38466,1.41457,1.41458,1.419,1.59948,1.87575,1.82758,1.77871,1.73404,1.69301,1.64774,1.61637,1.58197,1.55172
1.53787,1.56899,1.60085,1.64436,1.67631,1.72425,1.77327,1.81412,1.86361,1.91955,1.9883,2.05736,1.93294,1.77748,1.59111,1.56734,1.55863,1.54619,1.5278,1.52473,1.50526,1.50369,1.49368,1.52761,1.62506,2.20904,2.43429,2.43088,2.40659,2.41081,2.41002,2.38136,2.39721,2.38567,2.38042,2.37648,2.37502,2.3756,2.37376,2.37071,2.37377,2.36869,2.37978,2.383,2.37846,2.38734,2.37658,2.39496,2.40041,2.40543,2.41814,2.41961,2.42855,2.43717,2.44614,1.64524,1.55908,1.49955,1.49711,1.50098,1.51057,1.51527,1.53744,1.54063,1.56312,1.57195,1.58801,1.93636,2.06834,2.01006,1.93388,1.89059,1.84547,1.79466,1.73841,1.70007,1.66465,1.6235,1.59059,1.57239
1.51563,1.55958,1.59834,1.62889,1.66248,1.71807,1.75632,1.80943,1.85248,1.91573,1.971,2.04065,2.10713,2.18548,2.25796,2.34911,2.00965,1.7949,1.78318,1.77692,1.76395,1.75738,1.7411,1.73436,1.73371,1.72539,1.82399,2.35964,2.35472,2.35146,2.3449,2.34256,2.33536,2.32168,2.31322,2.31885,2.31598,2.3189,2.31706,2.30994,2.31207,2.30808,2.31587,2.31074,2.31276,2.32401,2.32764,2.32939,2.34194,2.3473,2.34121,2.34831,2.36216,1.90556,1.78823,1.70457,1.71545,1.72979,1.74258,1.74158,1.76806,1.76871,1.79209,1.80389,2.1874,2.29705,2.22636,2.13713,2.0934,2.02118,1.96373,1.91393,1.85141,1.79703,1.75299,1.71821,1.68056,1.6309,1.59319,1.56694
1.50816,1.54823,1.58818,1.61961,1.6563,1.69617,1.74985,1.79502,1.83851,1.90713,1.9533,2.0243,2.08172,2.15419,2.24039,2.33082,2.41315,2.45975,2.26237,1.95774,1.94186,1.92587,1.92185,1.91694,1.90462,1.89287,1.8758,1.94259,2.1741,2.30283,2.29589,2.30063,2.28966,2.27676,2.26772,2.28614,2.27308,2.26118,2.27554,2.29148,2.26949,2.26796,2.27872,2.27337,2.27856,2.27314,2.2894,2.28951,2.29367,2.29604,2.30883,2.31839,2.1762,1.94359,1.881,1.89534,1.89901,1.91888,1.93462,1.94077,1.94833,1.96773,2.27669,2.47517,2.40392,2.31952,2.24638,2.16374,2.10149,2.04034,1.98662,1.92399,1.85733,1.81162,1.77596,1.73306,1.68583,1.6251,1.60667,1.57219
1.50265,1.53823,1.57126,1.61551,1.64624,1.67816,1.73661,1.77439,1.83061,1.8789,1.94561,1.99433,2.06827,2.12934,2.21114,2.3119,2.40118,2.42791,2.45779,2.48218,2.51359,2.5247,2.24286,2.23057,2.22161,2.22087,2.20684,2.19576,2.17787,2.24756,3.41301,3.40748,3.40222,3.39621,3.38601,3.37944,3.37836,3.37599,3.37136,3.36722,3.36838,3.37052,3.36236,3.38133,3.37542,3.3838,3.3972,3.40212,3.3969,3.42364,3.34624,3.20235,2.1816,2.18715,2.20798,2.20158,2.2206,2.22926,2.24373,2.50385,2.53984,2.49863,2.47634,2.4583,2.43245,2.34028,2.26541,2.17557,2.11597,2.05497,1.99177,1.93578,1.87825,1.82605,1.78854,1.74406,1.70013,1.65406,1.6167,1.59271
1.50927,1.52094,1.56121,1.60383,1.62867,1.67877,1.71094,1.75443,1.82518,1.86979,1.9213,1.98825,2.04897,2.12137,2.20587,2.28348,2.37673,2.47768,2.59135,2.70222,2.83331,2.97802,3.14717,3.32675,3.53753,3.76719,4.04477,4.36592,4.72425,5.16323,5.70636,5.72268,5.70678,5.6857,5.68268,5.67353,5.67359,5.65869,5.66028,5.64205,5.66648,5.65304,5.66489,5.66376,5.6701,5.6827,5.68635,5.70976,5.72312,5.72711,5.61983,5.12401,4.71625,4.36944,4.06094,3.81044,3.57959,3.37765,3.20562,3.04294,2.90817,2.77615,2.66941,2.55314,2.45955,2.35873,2.27636,2.20478,2.12456,2.05781,1.99326,1.93882,1.89046,1.84322,1.79356,1.75125,1.70282,1.66036,1.63315,1.59708
1.48927,1.50775,1.53452,1.57771,1.6241,1.65911,1.70247,1.73454,1.80419,1.84476,1.90616,1.97235,2.02165,2.10071,2.17757,2.26099,2.3556,2.45341,2.55189,2.66081,2.80362,2.94023,3.09249,3.2699,3.48197,3.7102,3.97164,4.27274,4.63703,5.05397,5.56287,5.68584,5.66476,5.66149,5.63841,5.64097,5.6301,5.62299,5.61308,5.62066,5.62602,5.60994,5.62084,5.61748,5.63397,5.65116,5.65294,5.66528,5.68728,5.69505,5.71325,5.22137,4.79853,4.4427,4.15502,3.87576,3.6461,3.42478,3.25365,3.09538,2.93925,2.81163,2.68285,2.58549,2.48782,2.38485,2.30335,2.22952,2.14523,2.0875,2.0252,1.95843,1.90795,1.86155,1.81807,1.76765,1.71903,1.68091,1.63829,1.62425
1.46836,1.50345,1.5338,1.56615,1.61165,1.63128,1.68311,1.73871,1.7895,1.82795,1.89225,1.95072,2.00528,2.07362,2.1617,2.23751,2.32633,2.42027,2.51877,2.62415,2.75863,2.8965,3.04338,3.23165,3.43203,3.65846,3.90567,4.20938,4.56316,4.9663,5.4546,5.65219,5.63199,5.63031,5.60175,5.60183,5.5957,5.59305,5.59227,5.58855,5.58107,5.59222,5.59026,5.59054,5.58748,5.60681,5.61458,5.62988,5.63869,5.6577,5.66647,5.32694,4.87888,4.51509,4.21203,3.93584,3.69031,3.47708,3.31079,3.12862,2.98447,2.84112,2.7211,2.6023,2.51091,2.41675,2.3281,2.24177,2.17657,2.10216,2.0375,1.98135,1.92751,1.88414,1.82415,1.78897,1.74315,1.69518,1.66412,1.62536
1.46187,1.48755,1.51312,1.55885,1.5922,1.63621,1.67299,1.72895,1.78176,1.82857,1.87457,1.93885,2.0004,2.06242,2.13929,2.21975,2.3052,2.39317,2.50392,2.61172,2.76113,2.88,3.02744,3.20366,3.40099,3.62107,3.8739,4.16502,4.5039,4.90821,5.3917,5.61599,5.59159,5.58416,5.56671,5.55867,5.55618,5.55577,5.54474,5.553,5.53524,5.54298,5.54167,5.54763,5.54854,5.5706,5.56927,5.5763,5.59223,5.60769,5.63262,5.37564,4.94518,4.5703,4.25101,3.96815,3.72248,3.50787,3.32376,3.15519,2.99464,2.86857,2.73295,2.61991,2.52002,2.43931,2.33368,2.26866,2.18875,2.11279,2.05595,1.99397,1.93065,1.88529,1.84208,1.79562,1.74095,1.70684,1.66393,1.63599
1.4424,1.4908,1.52005,1.54132,1.58469,1.61474,1.66644,1.7052,1.74608,1.81683,1.86392,1.91843,1.99459,2.04701,2.11801,2.20649,2.28151,2.37167,2.47421,2.5951,2.71706,2.85436,3.00203,3.17078,3.36432,3.57753,3.83311,4.12006,4.46199,4.85555,5.32748,5.57836,5.55968,5.55462,5.54036,5.53318,5.52367,5.52129,5.51163,5.51974,5.51868,5.51403,5.51684,5.51049,5.52847,5.54319,5.53915,5.55923,5.56898,5.57879,5.59596,5.42966,4.99513,4.61735,4.28365,3.99433,3.76204,3.54536,3.35301,3.17718,3.02356,2.88457,2.7659,2.63896,2.54995,2.4462,2.36076,2.28727,2.20789,2.13382,2.07279,2.00619,1.94684,1.89797,1.84867,1.79719,1.75471,1.71135,1.67501,1.6378
1.50296,1.54508,1.59343,1.62636,1.65927,1.69609,1.75838,1.80244,1.85088,1.90868,1.95729,2.02696,2.09904,2.16982,2.24533,2.34019,2.43134,2.53932,2.65407,2.77972,2.90108,3.05676,3.24996,3.43261,3.64405,3.90796,4.1962,4.53193,4.92192,5.39705,5.55428,5.54704,5.53257,5.52192,5.52707,5.49956,5.50343,5.49608,5.48492,5.48954,5.47928,5.49675,5.50233,5.49241,5.50647,5.51017,5.53373,5.54075,5.56077,5.57242,5.37124,4.91777,4.54002,4.21707,3.94097,3.69398,3.48177,3.28057,3.11175,2.96897,2.83379,2.71187,2.59312,2.4929,2.39681,2.31786,2.22195,2.15085,2.07849,2.02828,1.97245,1.90698,1.86795,1.80881,1.75517,1.72233,1.68544,1.64017,1.61501,1.57172
1.52531,1.54721,1.5819,1.63169,1.67049,1.70868,1.75819,1.79332,1.8483,1.90998,1.96119,2.03015,2.09517,2.16573,2.25533,2.33622,2.43291,2.53105,2.6548,2.79073,2.91351,3.07023,3.24436,3.43447,3.66164,3.90695,4.18973,4.52638,4.93369,5.39706,5.5481,5.52767,5.51448,5.49734,5.5014,5.48376,5.48606,5.47865,5.46296,5.47182,5.47405,5.47672,5.48128,5.48567,5.48936,5.49737,5.50292,5.52469,5.52313,5.54332,5.36739,4.92269,4.54135,4.20679,3.93638,3.70074,3.4685,3.28615,3.11648,2.98061,2.83064,2.69746,2.59206,2.48239,2.40584,2.30437,2.23463,2.14632,2.08333,2.02278,1.96355,1.91476,1.86811,1.80108,1.75936,1.71692,1.68294,1.63964,1.60923,1.57203
1.49457,1.53049,1.56271,1.60453,1.63763,1.68517,1.73365,1.77676,1.82298,1.87247,1.93691,1.99844,2.06541,2.13914,2.21833,2.30066,2.38327,2.48895,2.59694,2.70995,2.84948,3.0047,3.1718,3.35641,3.56811,3.8075,4.09191,4.40297,4.78185,5.24434,5.50189,5.49225,5.46815,5.47615,5.45848,5.46086,5.45612,5.43691,5.44516,5.43454,5.43403,5.43646,5.44688,5.44657,5.45256,5.45627,5.46795,5.48687,5.48957,5.5184,5.52816,5.06686,4.65496,4.31852,4.03257,3.77903,3.55546,3.3538,3.1816,3.02069,2.87395,2.77154,2.6448,2.53232,2.43629,2.34847,2.26634,2.20704,2.11283,2.04573,2.00234,1.93269,1.88526,1.83002,1.78912,1.74602,1.69956,1.66796,1.62832,1.59806
1.47908,1.51709,1.56028,1.60277,1.62969,1.66524,1.71517,1.75655,1.815,1.86059,1.92929,1.97091,2.03858,2.11122,2.20352,2.28132,2.36733,2.46556,2.57344,2.68869,2.8281,2.96798,3.13787,3.31472,3.5252,3.75616,4.02731,4.34395,4.70529,5.14264,5.49918,5.46404,5.46519,5.44716,5.43941,5.42781,5.41388,5.41967,5.41789,5.4143,5.40272,5.40113,5.40977,5.41564,5.42305,5.43082,5.44337,5.45109,5.46873,5.48432,5.49772,5.14569,4.73132,4.3745,4.09029,3.84208,3.5993,3.40275,3.22509,3.0657,2.90838,2.7824,2.66491,2.55992,2.45679,2.37924,2.2875,2.20614,2.13396,2.06792,2.01438,1.95408,1.90208,1.84978,1.80426,1.76321,1.71578,1.67456,1.64348,1.6047
1.47139,1.50753,1.53413,1.56448,1.61083,1.64319,1.69596,1.74526,1.777,1.84188,1.89355,1.95319,2.00658,2.07971,2.17189,2.24213,2.32522,2.42634,2.54456,2.66352,2.78132,2.92328,3.08499,3.25721,3.46445,3.69317,3.95872,4.2492,4.61375,5.04402,5.29487,5.28054,5.26857,5.24931,5.26028,5.24176,5.22731,5.23418,5.23181,5.2393,5.22171,5.22356,5.22932,5.2332,5.2415,5.24582,5.25486,5.27233,5.27322,5.29492,5.30174,5.24883,4.82374,4.46786,4.1539,3.90322,3.66002,3.46711,3.26942,3.10068,2.95956,2.82857,2.7,2.58753,2.48762,2.39823,2.31166,2.23295,2.16151,2.11033,2.03264,1.97036,1.92196,1.86473,1.82404,1.77929,1.73373,1.69462,1.6566,1.62558
1.47518,1.50429,1.53962,1.56351,1.61152,1.64948,1.69482,1.73341,1.7843,1.83757,1.89073,1.9549,2.01381,2.08937,2.17189,2.2461,2.3282,2.4342,2.53002,2.64076,2.78497,2.90943,3.07301,3.24545,3.4521,3.67583,3.94164,4.24033,4.59505,4.95883,4.95613,4.93965,4.91833,4.92694,4.90983,4.89647,4.89482,4.88755,4.89917,4.88427,4.88488,4.88469,4.88928,4.89729,4.90933,4.92123,4.91881,4.93509,4.93644,4.95178,4.96564,4.98699,4.84306,4.48428,4.17458,3.90668,3.6717,3.46331,3.27502,3.11798,2.9592,2.83178,2.70561,2.59909,2.48745,2.40073,2.31844,2.23537,2.17783,2.09911,2.04884,1.97198,1.91504,1.87997,1.81718,1.77748,1.73925,1.69734,1.66478,1.61504
1.43783,1.47766,1.49896,1.53381,1.58136,1.60263,1.66162,1.69728,1.75122,1.80137,1.85253,1.90941,1.95499,2.04315,2.11189,2.18276,2.27397,2.37173,2.46103,2.58037,2.69797,2.84428,2.9853,3.15481,3.35635,3.55401,3.80759,4.09436,4.42495,4.65499,4.63331,4.6318,4.60934,4.6055,4.58585,4.58303,4.56886,4.56302,4.55295,4.55869,4.54938,4.55626,4.56279,4.56259,4.5715,4.56497,4.5688,4.57982,4.59006,4.60583,4.61299,4.62908,4.64888,4.61406,4.31069,4.02764,3.78018,3.56486,3.37143,3.21011,3.03721,2.90095,2.77311,2.66996,2.5644,2.46345,2.36935,2.28211,2.22099,2.15278,2.07699,2.00986,1.96398,1.90599,1.84924,1.81544,1.76798,1.72734,1.68514,1.65084
1.43674,1.47477,1.50411,1.54612,1.57425,1.6217,1.66387,1.69379,1.7512,1.80569,1.85991,1.90494,1.9851,2.04486,2.11246,2.19436,2.28221,2.37084,2.4832,2.58545,2.70614,2.84981,2.99324,3.165,3.35387,3.5658,3.81994,4.11446,4.39116,4.38645,4.36722,4.34997,4.3466,4.34712,4.32055,4.32257,4.31481,4.31284,4.30013,4.31262,4.30896,4.30327,4.29889,4.311,4.31508,4.3355,4.32139,4.34512,4.34767,4.36171,4.36951,4.39483,4.41808,4.42106,4.29107,4.01555,3.76691,3.55402,3.35316,3.19124,3.03713,2.894,2.77111,2.64249,2.54891,2.4493,2.37223,2.27916,2.20779,2.13283,2.07263,2.01283,1.95485,1.90088,1.86269,1.80865,1.77042,1.72621,1.68416,1.64622
1.44523,1.459,1.49863,1.5229,1.57981,1.60559,1.64307,1.69187,1.74459,1.78104,1.83522,1.89426,1.96453,2.02228,2.09662,2.17186,2.25798,2.34854,2.44675,2.55785,2.6808,2.8132,2.96141,3.13205,3.30651,3.53035,3.77459,4.04876,4.15514,4.13963,4.1459,4.11651,4.11293,4.10029,4.09087,4.09498,4.07826,4.0689,4.06936,4.07792,4.06828,4.06913,4.07425,4.07864,4.08537,4.08735,4.08361,4.09365,4.1076,4.11856,4.13745,4.15778,4.14658,4.18228,4.19991,4.06492,3.80667,3.58924,3.3955,3.22595,3.0719,2.92223,2.79771,2.68376,2.5717,2.47352,2.38466,2.30981,2.23262,2.14888,2.08738,2.02392,1.97615,1.91241,1.86287,1.81877,1.78078,1.73074,1.70418,1.65986
1.40937,1.4488,1.4774,1.508,1.54756,1.588,1.61674,1.66516,1.71127,1.76698,1.81226,1.86845,1.93042,1.99551,2.06028,2.13619,2.23178,2.30126,2.40998,2.50397,2.63709,2.76079,2.9037,3.07052,3.25322,3.4564,3.69281,3.95747,4.03567,4.02015,4.00755,3.98715,3.98895,3.96277,3.96864,3.95304,3.94471,3.94628,3.93658,3.93412,3.93872,3.93066,3.93301,3.93162,3.94245,3.9443,3.94994,3.9654,3.97345,3.97664,3.98031,3.99081,4.01265,4.02279,4.04229,4.0562,3.88002,3.66795,3.45488,3.28174,3.12455,2.9777,2.84947,2.72496,2.61516,2.51297,2.41807,2.33786,2.26176,2.18592,2.12019,2.05778,2.00217,1.93977,1.87802,1.8423,1.7963,1.75635,1.72399,1.67687
1.42089,1.43475,1.47389,1.50709,1.54033,1.58784,1.62424,1.66565,1.70687,1.7563,1.81405,1.86238,1.91761,1.99846,2.05748,2.13334,2.23265,2.30956,2.40731,2.51744,2.63504,2.75754,2.90332,3.06703,3.25403,3.44529,3.67237,3.88349,3.88243,3.85351,3.84936,3.8246,3.8264,3.80459,3.80648,3.79366,3.79807,3.78714,3.79747,3.78718,3.7804,3.78392,3.78771,3.78805,3.80658,3.79442,3.79801,3.81299,3.8188,3.82168,3.83706,3.84413,3.86628,3.8852,3.89156,3.91739,3.89431,3.66519,3.46423,3.28406,3.12583,2.97468,2.84058,2.73221,2.61794,2.50859,2.4238,2.33088,2.25274,2.1787,2.11558,2.04958,2.00127,1.94291,1.88583,1.85457,1.79792,1.75946,1.71979,1.67689
1.42307,1.44764,1.48825,1.50566,1.54869,1.59178,1.62826,1.67419,1.71095,1.75739,1.81584,1.8769,1.94283,2.00234,2.06271,2.156,2.22742,2.3191,2.42797,2.52767,2.64291,2.77774,2.93473,3.08781,3.27636,3.47797,3.67824,3.68589,3.66152,3.66242,3.63074,3.61992,3.60761,3.61238,3.59839,3.59607,3.57647,3.5641,3.58139,3.57313,3.5769,3.57711,3.57639,3.56866,3.58051,3.58106,3.59619,3.59766,3.60385,3.61007,3.62532,3.63145,3.65361,3.65537,3.67448,3.69109,3.70552,3.64201,3.42773,3.27066,3.09756,2.9647,2.82,2.70385,2.60305,2.51796,2.41693,2.32847,2.25729,2.18064,2.10566,2.05281,1.99225,1.93515,1.87908,1.83955,1.78933,1.75159,1.7158,1.68311
1.47877,1.53527,1.55754,1.59831,1.63224,1.67336,1.7166,1.77217,1.81315,1.8798,1.93505,1.99575,2.05673,2.12655,2.21673,2.30848,2.38737,2.48144,2.59761,2.70995,2.85718,3.01027,3.16386,3.36501,3.52368,3.51461,3.49448,3.48611,3.45956,3.45756,3.43857,3.42875,3.42651,3.42103,3.41436,3.41377,3.41025,3.40651,3.40337,3.40122,3.39501,3.40399,3.40311,3.41128,3.40846,3.41557,3.42886,3.42593,3.4455,3.44078,3.46342,3.47636,3.48856,3.50152,3.52259,3.54338,3.5445,3.35222,3.18608,3.02994,2.89035,2.7788,2.64453,2.54075,2.43557,2.35867,2.2726,2.19323,2.12819,2.05399,1.99117,1.93872,1.88076,1.8409,1.7965,1.74825,1.70839,1.661,1.62867,1.60667
1.51703,1.55977,1.59628,1.63919,1.67275,1.71534,1.7449,1.81521,1.85457,1.91001,1.97746,2.04204,2.11104,2.19208,2.27053,2.36079,2.45294,2.54594,2.66921,2.79531,2.94448,3.10534,3.27383,3.47381,3.58068,3.57167,3.54764,3.52567,3.51454,3.5023,3.50215,3.49304,3.48015,3.48071,3.46492,3.44816,3.45548,3.45275,3.45852,3.45943,3.44951,3.45764,3.46458,3.46311,3.46508,3.47772,3.47417,3.48565,3.50063,3.50815,3.51924,3.54264,3.5468,3.57117,3.57611,3.59556,3.44292,3.25864,3.0977,2.93998,2.80611,2.69198,2.57882,2.47789,2.38351,2.30635,2.22534,2.14645,2.08282,2.00644,1.9521,1.89619,1.84516,1.80452,1.74796,1.71179,1.67407,1.63373,1.59362,1.57499
1.52957,1.55363,1.59454,1.64289,1.6725,1.71545,1.77088,1.80507,1.86263,1.9315,1.98149,2.04037,2.1175,2.20053,2.27766,2.35086,2.46035,2.56104,2.6731,2.81928,2.9539,3.12399,3.28909,3.48905,3.72285,3.85544,3.83992,3.82875,3.8196,3.80169,3.80085,3.78046,3.78672,3.76111,3.76556,3.7502,3.74791,3.75274,3.74404,3.73192,3.74298,3.74139,3.73643,3.74864,3.76697,3.77808,3.77639,3.77283,3.79006,3.79674,3.80944,3.82247,3.83628,3.84608,3.86067,3.63469,3.42016,3.23768,3.07697,2.92808,2.79572,2.67499,2.57379,2.47348,2.37622,2.28453,2.20795,2.14599,2.06727,2.00814,1.94614,1.88898,1.84304,1.79587,1.74475,1.70696,1.67027,1.62402,1.59146,1.55821
1.52245,1.56328,1.60138,1.63055,1.68444,1.72424,1.771,1.81583,1.87558,1.93337,1.99005,2.05388,2.11735,2.18767,2.26878,2.36721,2.4733,2.57645,2.68404,2.81485,2.95063,3.12864,3.29881,3.49473,3.71164,3.69457,3.69202,3.67199,3.66409,3.64171,3.64621,3.63021,3.61584,3.60788,3.61426,3.59714,3.59532,3.59742,3.59408,3.58729,3.59763,3.60619,3.6037,3.61009,3.61218,3.61635,3.62772,3.64009,3.64771,3.64705,3.66776,3.67759,3.68857,3.7121,3.7152,3.63163,3.43417,3.24037,3.0733,2.92252,2.7913,2.67712,2.56732,2.45952,2.3735,2.28392,2.20671,2.13961,2.07332,2.00996,1.93692,1.90399,1.83925,1.79221,1.75508,1.71724,1.66724,1.62595,1.59129,1.56165
1.53372,1.55914,1.59893,1.64527,1.6778,1.724,1.75624,1.8173,1.87734,1.92552,1.97651,2.05176,2.12912,2.20046,2.28158,2.37533,2.46314,2.56454,2.68122,2.8128,2.9569,3.11872,3.30106,3.50073,3.70957,3.70698,3.68178,3.66554,3.65897,3.64685,3.63529,3.62113,3.61798,3.60767,3.61135,3.59345,3.59208,3.60039,3.58711,3.58415,3.58288,3.60106,3.60445,3.61193,3.60598,3.59866,3.62306,3.62802,3.64926,3.64864,3.66175,3.67359,3.68441,3.70023,3.72614,3.62731,3.42594,3.24006,3.06382,2.91494,2.79977,2.66311,2.56756,2.47495,2.3693,2.2811,2.20757,2.13528,2.05573,1.99785,1.94612,1.8972,1.83842,1.78641,1.75535,1.70213,1.65863,1.62203,1.59514,1.56378
1.52741,1.5647,1.60243,1.64343,1.67695,1.7275,1.76145,1.81896,1.8814,1.93038,1.9897,2.04912,2.11629,2.19675,2.27777,2.36893,2.46602,2.57836,2.69276,2.81848,2.95784,3.11185,3.30236,3.50211,3.69092,3.66147,3.65293,3.63414,3.62692,3.62181,3.6024,3.59364,3.5838,3.57052,3.57837,3.56745,3.57337,3.55882,3.56424,3.56862,3.56563,3.55152,3.56339,3.56151,3.57334,3.57946,3.59623,3.59157,3.5937,3.61953,3.62158,3.62713,3.65736,3.6737,3.68325,3.62142,3.41858,3.2204,3.05865,2.92541,2.79502,2.66786,2.551,2.45785,2.36055,2.28073,2.2049,2.12585,2.05622,1.99449,1.94509,1.88878,1.84552,1.79091,1.74573,1.6977,1.6616,1.6276,1.59026,1.55325
1.53573,1.5656,1.60558,1.64699,1.69311,1.72944,1.78057,1.81866,1.87374,1.92254,1.99268,2.06446,2.13078,2.19363,2.28671,2.37828,2.477,2.56917,2.69151,2.81509,2.96837,3.11645,3.30296,3.49993,3.72801,3.72928,3.71599,3.70931,3.68175,3.67868,3.6527,3.65579,3.65257,3.62812,3.63031,3.6252,3.62099,3.61411,3.61857,3.61966,3.62971,3.6257,3.62818,3.62297,3.62574,3.64506,3.64746,3.6551,3.66392,3.67144,3.68103,3.70374,3.71971,3.72511,3.76145,3.61265,3.418,3.23497,3.06878,2.91316,2.78802,2.66506,2.55232,2.45377,2.36943,2.27579,2.20415,2.12479,2.04629,1.99021,1.92884,1.88761,1.8385,1.79317,1.73991,1.70064,1.65663,1.61922,1.5881,1.55242
1.53764,1.57539,1.60372,1.63646,1.68438,1.73131,1.77909,1.82073,1.88885,1.93899,1.98416,2.0583,2.12833,2.20203,2.29141,2.37594,2.47475,2.58022,2.69445,2.83274,2.97892,3.12633,3.31286,3.51657,3.74723,3.87447,3.85364,3.84332,3.83156,3.81141,3.80208,3.79107,3.78167,3.77454,3.77547,3.76189,3.76527,3.75752,3.75937,3.75784,3.75362,3.75045,3.77083,3.75975,3.77452,3.76741,3.78154,3.78042,3.81372,3.81552,3.82884,3.85288,3.86496,3.87528,3.83983,3.60073,3.40828,3.19815,3.0627,2.91896,2.78432,2.65788,2.55514,2.45306,2.35667,2.27606,2.20245,2.13551,2.0609,1.99941,1.93553,1.88248,1.82634,1.78594,1.73647,1.68734,1.6561,1.62092,1.59393,1.55755
1.5445,1.58254,1.61241,1.64841,1.68794,1.73458,1.7823,1.83235,1.88065,1.93706,2.01136,2.07313,2.14106,2.22647,2.30867,2.39361,2.49488,2.60847,2.71245,2.86132,2.99771,3.16037,3.34399,3.54405,3.77475,4.04509,4.28056,4.30183,4.27267,4.26187,4.25416,4.25034,4.23468,4.22432,4.21842,4.20847,4.20806,4.20668,4.20379,4.19464,4.20671,4.19866,4.20858,4.21665,4.22166,4.22606,4.24182,4.25979,4.25977,4.27097,4.28324,4.30601,4.30224,4.06149,3.80239,3.56575,3.36408,3.19636,3.03033,2.89287,2.76975,2.63084,2.53306,2.43798,2.35432,2.25023,2.18502,2.1194,2.0538,1.97926,1.92964,1.87164,1.81319,1.77297,1.72335,1.69182,1.64488,1.6125,1.57539,1.54614
1.54129,1.58601,1.62275,1.6624,1.69847,1.73788,1.78857,1.8382,1.90512,1.95844,2.01253,2.07992,2.15197,2.23031,2.32171,2.40282,2.51352,2.6112,2.7285,2.86771,3.0239,3.17764,3.37416,3.56775,3.80457,4.07188,4.38785,4.5423,4.52682,4.51929,4.49516,4.48725,4.48121,4.46986,4.4663,4.45977,4.4496,4.44448,4.44611,4.44963,4.45449,4.45406,4.44557,4.45339,4.47005,4.47404,4.47099,4.48827,4.50703,4.53053,4.53,4.55168,4.33609,4.04126,3.76467,3.57265,3.35024,3.18169,3.02069,2.87463,2.75448,2.63833,2.52898,2.42016,2.33929,2.25417,2.1797,2.11116,2.02852,1.98255,1.92678,1.86315,1.81026,1.75571,1.72042,1.68604,1.64238,1.5993,1.58362,1.53118
1.56086,1.59687,1.6128,1.65347,1.693,1.7392,1.78066,1.83724,1.89135,1.95696,2.00369,2.07674,2.1455,2.23699,2.31125,2.40174,2.50052,2.60724,2.72557,2.86722,3.01274,3.1668,3.34792,3.5556,3.7893,4.07362,4.3756,4.49037,4.47523,4.46281,4.45243,4.42952,4.41817,4.41124,4.40812,4.40393,4.39756,4.39694,4.38614,4.38492,4.39473,4.38214,4.38627,4.40167,4.41779,4.41591,4.43372,4.4372,4.44625,4.45547,4.46434,4.49864,4.3508,4.05573,3.80841,3.56592,3.36976,3.17967,3.02873,2.87382,2.75036,2.63047,2.52697,2.42784,2.33273,2.23903,2.17636,2.10505,2.02361,1.96933,1.92285,1.85732,1.81849,1.76566,1.72516,1.68742,1.64397,1.59544,1.56359,1.54878
1.54909,1.58973,1.62016,1.65584,1.69448,1.74806,1.79232,1.84091,1.89757,1.94731,2.00222,2.08007,2.15518,2.21845,2.31016,2.39606,2.50372,2.59953,2.73296,2.86418,3.00442,3.17501,3.35326,3.55856,3.78776,4.06245,4.37538,4.44516,4.42163,4.39876,4.38665,4.37903,4.37159,4.36107,4.35506,4.3456,4.34082,4.33819,4.343,4.34169,4.33261,4.33569,4.35032,4.35874,4.35878,4.36059,4.37404,4.38455,4.38144,4.40824,4.41984,4.43726,4.35615,4.0375,3.79136,3.55224,3.35345,3.18764,3.0213,2.87399,2.75701,2.64571,2.52266,2.42751,2.34259,2.23919,2.17476,2.1182,2.04807,1.98705,1.92248,1.87224,1.80974,1.76858,1.73002,1.68552,1.65097,1.61543,1.57591,1.53851
1.54995,1.58768,1.61828,1.6615,1.70321,1.75281,1.78875,1.83916,1.9092,1.95123,2.00998,2.07936,2.15336,2.22676,2.31601,2.40002,2.51202,2.61329,2.73046,2.86931,3.01524,3.17091,3.35131,3.54692,3.79046,4.05952,4.36848,4.35957,4.3368,4.3266,4.31143,4.28942,4.29791,4.28623,4.28504,4.28692,4.27454,4.26972,4.27033,4.26831,4.26249,4.28204,4.26727,4.27801,4.28272,4.29986,4.30692,4.30364,4.32719,4.3404,4.35133,4.36269,4.359,4.05231,3.79887,3.56652,3.37446,3.17617,3.02906,2.87211,2.75511,2.62125,2.51873,2.43523,2.34586,2.2407,2.16844,2.11133,2.0311,1.97801,1.90964,1.87238,1.82925,1.76198,1.73098,1.68823,1.6431,1.61173,1.57405,1.5378
1.54696,1.58956,1.62799,1.66669,1.70282,1.73733,1.78932,1.83518,1.89142,1.95444,2.01031,2.08656,2.14554,2.23271,2.31654,2.40187,2.52043,2.61537,2.73204,2.86777,3.00805,3.17225,3.35887,3.56105,3.8037,4.06216,4.32565,4.30113,4.29164,4.26926,4.26271,4.2443,4.23887,4.23377,4.22289,4.22306,4.21632,4.20801,4.20945,4.19832,4.20696,4.20057,4.21047,4.21716,4.21495,4.22853,4.24149,4.25726,4.26484,4.28167,4.2775,4.31821,4.32569,4.05215,3.78906,3.56433,3.361,3.18131,3.02547,2.87407,2.7463,2.62719,2.52257,2.41892,2.33575,2.25691,2.18275,2.1052,2.03975,1.97803,1.91688,1.86164,1.81828,1.77155,1.72759,1.67928,1.64398,1.61507,1.58076,1.5412
1.54169,1.59933,1.624,1.65747,1.69668,1.73481,1.78993,1.84494,1.89848,1.95622,2.02132,2.07902,2.15318,2.23291,2.31211,2.40776,2.50377,2.61794,2.73223,2.8606,3.01155,3.16602,3.36228,3.56121,3.80278,4.07271,4.25098,4.23165,4.22112,4.20581,4.18874,4.18019,4.17896,4.1626,4.16441,4.15184,4.15225,4.15012,4.1477,4.15243,4.14175,4.14746,4.1534,4.15705,4.17167,4.16694,4.17857,4.18617,4.2041,4.21412,4.22857,4.24499,4.2523,4.05377,3.79006,3.55442,3.36083,3.16698,3.0224,2.87416,2.72954,2.63079,2.52717,2.41935,2.33439,2.25022,2.17451,2.09985,2.03066,1.9698,1.92154,1.86731,1.81187,1.77041,1.72204,1.68067,1.65252,1.61771,1.56011,1.53688
1.54394,1.58292,1.62519,1.6597,1.69978,1.74953,1.79519,1.84318,1.90223,1.96007,2.0109,2.07835,2.15563,2.22911,2.32086,2.40547,2.50409,2.61113,2.7356,2.87416,3.01175,3.18477,3.3548,3.57408,3.81238,4.07205,4.18776,4.18684,4.16756,4.13922,4.13175,4.11639,4.12306,4.09908,4.09241,4.09156,4.09596,4.09186,4.09274,4.09355,4.08879,4.09172,4.09452,4.08637,4.09095,4.11502,4.11002,4.1402,4.13749,4.14968,4.16749,4.17897,4.20033,4.05262,3.79761,3.56207,3.36333,3.17962,3.02578,2.86932,2.75084,2.62068,2.52156,2.4347,2.33203,2.25405,2.17401,2.10019,2.03315,1.97759,1.91203,1.85946,1.81039,1.76238,1.71107,1.68349,1.64282,1.60297,1.56658,1.53899
1.56194,1.58602,1.63329,1.65992,1.70993,1.74114,1.80455,1.85649,1.89281,1.95749,2.02042,2.08989,2.16941,2.23994,2.32213,2.40569,2.51942,2.62,2.73903,2.86562,3.0136,3.17696,3.36977,3.56342,3.80665,4.07203,4.1237,4.12118,4.09697,4.08999,4.06883,4.06515,4.0657,4.04633,4.0402,4.04213,4.03828,4.03468,4.03336,4.02738,4.02173,4.04086,4.03122,4.03366,4.03732,4.03783,4.06279,4.07287,4.07201,4.09168,4.10921,4.11774,4.13025,4.03933,3.79064,3.5649,3.35764,3.19023,3.01761,2.87681,2.74127,2.63078,2.52155,2.42178,2.33377,2.25194,2.16931,2.10082,2.03477,1.97521,1.90968,1.85979,1.80837,1.75917,1.72677,1.68133,1.64397,1.60729,1.5707,1.5357
1.55622,1.58478,1.62409,1.65939,1.71024,1.73981,1.79602,1.84901,1.90131,1.95857,2.01127,2.08342,2.16851,2.24002,2.31956,2.40237,2.50454,2.62786,2.73767,2.85821,3.0143,3.17895,3.36285,3.57377,3.79903,4.06933,4.04958,4.03597,4.04183,4.01613,4.00392,4.00103,3.98486,3.98327,3.96608,3.96419,3.96379,3.95321,3.95465,3.96159,3.95056,3.95253,3.95515,3.9527,3.96387,3.98739,3.98985,3.99113,4.01339,4.02636,4.02545,4.05169,4.05804,4.05013,3.77804,3.55689,3.34031,3.17277,3.01758,2.86609,2.74682,2.63134,2.5177,2.40889,2.31698,2.25197,2.16572,2.10193,2.03495,1.97101,1.91708,1.85357,1.81124,1.75965,1.71697,1.68151,1.62408,1.58588,1.56025,1.53712
1.55923,1.57584,1.63179,1.67452,1.70034,1.74662,1.79117,1.8575,1.89976,1.95634,2.03278,2.08621,2.16419,2.23162,2.32454,2.40665,2.50874,2.61623,2.73676,2.87002,3.01735,3.18066,3.37267,3.58117,3.80673,4.03319,4.00962,3.98437,3.98102,3.9543,3.95219,3.94353,3.93629,3.9229,3.91792,3.90629,3.90745,3.9016,3.89805,3.91078,3.91028,3.91718,3.91728,3.91359,3.9168,3.92957,3.9428,3.95035,3.95829,3.97727,3.98229,4.00248,4.01277,4.03328,3.7803,3.55424,3.34975,3.17371,3.00476,2.86731,2.74777,2.61645,2.5186,2.4091,2.32851,2.24674,2.16731,2.09513,2.02956,1.977,1.91295,1.85254,1.81564,1.75702,1.717,1.6846,1.6317,1.60574,1.57834,1.53365
1.56942,1.58898,1.63543,1.66315,1.70462,1.75061,1.81166,1.84956,1.90594,1.95533,2.01757,2.09427,2.15493,2.24195,2.32368,2.40965,2.51768,2.62382,2.73427,2.86572,3.02721,3.17228,3.37192,3.58171,3.8058,3.95994,3.95915,3.92376,3.90901,3.89618,3.89213,3.88219,3.87909,3.86941,3.86066,3.85405,3.84416,3.85774,3.84528,3.8387,3.84148,3.85529,3.8545,3.85209,3.86311,3.88023,3.87604,3.88453,3.90285,3.90661,3.91941,3.93727,3.95216,3.97006,3.77213,3.54633,3.34504,3.17851,3.00573,2.86949,2.73345,2.61211,2.51593,2.42006,2.31841,2.23965,2.16717,2.09684,2.03024,1.9675,1.91987,1.86918,1.81328,1.76512,1.71672,1.6765,1.63804,1.59827,1.5702,1.53361
1.56614,1.59486,1.63078,1.67151,1.71308,1.74788,1.8061,1.85769,1.90213,1.9647,2.01806,2.09314,2.15974,2.24134,2.32715,2.40769,2.51101,2.61888,2.72995,2.86715,3.02674,3.18394,3.37356,3.58599,3.80705,3.91626,3.89964,3.87459,3.86869,3.85634,3.8386,3.84713,3.83286,3.82679,3.81859,3.80237,3.80768,3.80845,3.79711,3.79541,3.80559,3.8063,3.80947,3.81774,3.81292,3.82278,3.82692,3.83942,3.85142,3.85263,3.87281,3.87914,3.90736,3.91282,3.77905,3.54042,3.34774,3.16058,3.01085,2.8633,2.74236,2.61761,2.51198,2.42128,2.32411,2.23916,2.16946,2.0999,2.03593,1.96501,1.90891,1.85743,1.80194,1.75749,1.72279,1.68434,1.62509,1.60352,1.56483,1.5378
1.56444,1.60352,1.62707,1.67219,1.72085,1.74624,1.80286,1.85043,1.90019,1.96939,2.0225,2.09493,2.162,2.23722,2.33265,2.41951,2.51206,2.62711,2.74086,2.87415,3.01858,3.17782,3.37068,3.57784,3.8195,3.852,3.85214,3.83732,3.83583,3.81293,3.80081,3.78607,3.76889,3.76746,3.76478,3.76776,3.75286,3.75639,3.75259,3.74801,3.7624,3.76083,3.75045,3.76583,3.77344,3.78269,3.78623,3.79061,3.80382,3.82064,3.83517,3.84256,3.85425,3.87102,3.76522,3.55878,3.34812,3.16626,3.00435,2.86574,2.73851,2.61839,2.51833,2.41373,2.31223,2.25519,2.16116,2.09624,2.01765,1.96074,1.92253,1.86693,1.81181,1.77328,1.71656,1.68282,1.64519,1.59834,1.5618,1.52568
1.563,1.59943,1.63032,1.65371,1.70867,1.7532,1.80518,1.85568,1.90359,1.95483,2.0248,2.09016,2.156,2.24208,2.31385,2.41688,2.52212,2.62799,2.74491,2.87019,3.02427,3.18463,3.36739,3.57025,3.81439,3.82729,3.80939,3.78797,3.77997,3.75028,3.75627,3.73948,3.7251,3.73403,3.72232,3.72148,3.71281,3.70272,3.70255,3.70479,3.70874,3.7031,3.71245,3.71065,3.72142,3.73288,3.73342,3.75334,3.74912,3.76895,3.7836,3.79045,3.82466,3.82862,3.78553,3.5449,3.35242,3.16752,3.0033,2.86255,2.71869,2.62331,2.51704,2.42279,2.31894,2.24084,2.16265,2.09067,2.02403,1.96464,1.91236,1.84833,1.80786,1.7558,1.71773,1.6725,1.63223,1.5933,1.57761,1.54042
1.5622,1.58731,1.6352,1.67098,1.71228,1.76185,1.79978,1.84894,1.90488,1.96663,2.02573,2.07942,2.16752,2.24336,2.32519,2.42087,2.52023,2.62828,2.74982,2.86898,3.03559,3.18704,3.36489,3.57487,3.76034,3.74353,3.73886,3.71184,3.70421,3.69053,3.66909,3.6699,3.67681,3.65267,3.65826,3.64115,3.64755,3.63939,3.6302,3.63387,3.63368,3.64361,3.64134,3.64196,3.63711,3.65046,3.66848,3.66577,3.67632,3.69721,3.71402,3.72458,3.74617,3.75224,3.76884,3.54232,3.3349,3.16672,3.00962,2.87443,2.73711,2.60791,2.51034,2.40189,2.31767,2.23767,2.15693,2.09674,2.02962,1.96996,1.90444,1.84907,1.80683,1.75886,1.71277,1.67089,1.63572,1.59981,1.56145,1.53553
1.55821,1.60003,1.63366,1.66996,1.70262,1.7636,1.79933,1.85391,1.9051,1.96453,2.02014,2.09252,2.16088,2.24122,2.32617,2.41591,2.51988,2.63059,2.74296,2.87512,3.02657,3.18575,3.36496,3.58877,3.69186,3.6637,3.66166,3.62819,3.63227,3.61694,3.6102,3.6007,3.58833,3.57194,3.57532,3.5723,3.57281,3.56695,3.56197,3.56627,3.56716,3.56649,3.56326,3.57316,3.58828,3.58194,3.60025,3.5893,3.61866,3.60778,3.63062,3.65369,3.64825,3.69124,3.69406,3.54431,3.34734,3.15543,3.01097,2.85545,2.73954,2.61791,2.51368,2.40302,2.31282,2.23384,2.15945,2.09405,2.02963,1.96635,1.90015,1.85505,1.79443,1.76089,1.71607,1.66635,1.63276,1.59165,1.56968,1.53114
1.56724,1.59375,1.63245,1.66954,1.7114,1.76106,1.80717,1.85461,1.91633,1.95928,2.02666,2.09746,2.16465,2.2459,2.33582,2.41351,2.51814,2.62552,2.75204,2.88203,3.02802,3.18933,3.37923,3.58967,3.62014,3.61566,3.58407,3.58915,3.57326,3.56043,3.55256,3.54269,3.53408,3.5246,3.52039,3.50904,3.51232,3.51273,3.50508,3.50906,3.49752,3.50897,3.51217,3.51324,3.52198,3.53086,3.5239,3.54751,3.55608,3.5642,3.57936,3.58127,3.60436,3.60858,3.62955,3.54252,3.34581,3.16283,3.00336,2.86625,2.73183,2.6058,2.51227,2.41504,2.31647,2.23624,2.16275,2.08918,2.03188,1.97396,1.90506,1.85186,1.80995,1.74057,1.71611,1.6806,1.62602,1.59745,1.56061,1.51812
1.5555,1.59263,1.63083,1.67637,1.71448,1.75505,1.79607,1.85408,1.91495,1.95784,2.02217,2.0968,2.16732,2.23853,2.32465,2.42629,2.52382,2.61941,2.7481,2.88167,3.03158,3.20154,3.37316,3.58458,3.56818,3.53564,3.52685,3.51883,3.51112,3.49263,3.48094,3.47482,3.46379,3.45803,3.45622,3.44719,3.44742,3.43264,3.44553,3.44945,3.44626,3.44195,3.44078,3.44551,3.45001,3.45327,3.45729,3.47229,3.49267,3.50269,3.50285,3.52023,3.53193,3.54726,3.565,3.53864,3.34297,3.17267,3.00396,2.86747,2.72902,2.60928,2.51168,2.40639,2.32017,2.23086,2.15463,2.08321,2.02259,1.96131,1.89787,1.85476,1.80089,1.74893,1.71656,1.66997,1.63183,1.5925,1.55813,1.51778
1.55279,1.59283,1.63505,1.6707,1.71891,1.7575,1.80704,1.85235,1.90259,1.95797,2.02639,2.08897,2.1663,2.23992,2.33567,2.4147,2.51352,2.62815,2.75275,2.89712,3.0283,3.19192,3.37085,3.52052,3.50184,3.48604,3.4768,3.46531,3.44658,3.42846,3.414,3.41353,3.41044,3.39812,3.39788,3.39522,3.39314,3.38847,3.38378,3.38762,3.38989,3.38548,3.38933,3.39574,3.40696,3.4015,3.41178,3.41664,3.43304,3.43438,3.45089,3.46285,3.48485,3.48783,3.51135,3.52682,3.34155,3.15491,3.00893,2.86043,2.73953,2.6202,2.50666,2.40619,2.32322,2.24063,2.16414,2.09533,2.02735,1.96366,1.90664,1.85128,1.80255,1.75281,1.71262,1.67723,1.63405,1.59488,1.54585,1.53929
1.5698,1.58606,1.62699,1.66571,1.70743,1.76686,1.80533,1.85544,1.91163,1.9694,2.03345,2.09543,2.15848,2.24435,2.32785,2.41917,2.5197,2.63635,2.75066,2.8791,3.02955,3.19676,3.37902,3.47968,3.47013,3.44146,3.43137,3.41955,3.4126,3.39532,3.38101,3.37666,3.37128,3.37077,3.35102,3.36395,3.35251,3.35581,3.34874,3.34008,3.3412,3.34579,3.35702,3.35219,3.34804,3.35443,3.3693,3.37898,3.39327,3.4047,3.40664,3.42395,3.43994,3.44684,3.4628,3.49268,3.33559,3.14886,2.99688,2.86684,2.72943,2.60002,2.50693,2.40742,2.30763,2.23342,2.16387,2.09766,2.0165,1.95428,1.91015,1.84905,1.79834,1.76507,1.7135,1.67679,1.64197,1.5825,1.56786,1.5335
1.56275,1.58888,1.63293,1.68037,1.70306,1.7606,1.8064,1.84732,1.90854,1.96005,2.03088,2.09383,2.16623,2.24118,2.32799,2.42523,2.51859,2.6366,2.75514,2.89704,3.04426,3.20566,3.38929,3.46238,3.4337,3.4158,3.40986,3.3926,3.38301,3.38066,3.36234,3.35322,3.33711,3.34268,3.33667,3.32895,3.3199,3.33448,3.3274,3.33344,3.32129,3.33596,3.32043,3.32677,3.3313,3.34483,3.34534,3.36172,3.36547,3.37494,3.39849,3.40669,3.39915,3.43133,3.45517,3.46238,3.31734,3.15204,2.9907,2.84564,2.72524,2.61094,2.49891,2.40776,2.31947,2.23285,2.1561,2.07802,2.02054,1.96193,1.9004,1.85185,1.78959,1.75518,1.70633,1.66587,1.63806,1.59681,1.5479,1.53034
1.57411,1.61263,1.64909,1.69172,1.72727,1.76369,1.81073,1.87737,1.94183,1.97207,2.05499,2.12089,2.19243,2.26767,2.35578,2.44633,2.54415,2.66234,2.78312,2.90573,3.0714,3.23608,3.43062,3.41629,3.39377,3.38684,3.35991,3.35461,3.34267,3.32975,3.32208,3.31844,3.31245,3.30455,3.2932,3.29184,3.29658,3.28346,3.28412,3.28433,3.2805,3.28551,3.29347,3.2934,3.31894,3.30497,3.31618,3.31102,3.33348,3.34246,3.35481,3.36458,3.37435,3.39397,3.40586,3.42993,3.29336,3.1253,2.96395,2.82349,2.69717,2.58646,2.4762,2.37798,2.3002,2.21458,2.14483,2.07302,2.01749,1.94366,1.88374,1.83258,1.78048,1.748,1.69393,1.65873,1.61392,1.56103,1.55253,1.51565
1.58904,1.6252,1.65276,1.69288,1.73144,1.78233,1.82698,1.88,1.94006,1.99224,2.06657,2.12294,2.20095,2.26685,2.37385,2.4576,2.57435,2.6808,2.80073,2.93356,3.08534,3.24805,3.28746,3.26272,3.26397,3.24435,3.23782,3.21785,3.2047,3.18692,3.1919,3.17217,3.17728,3.17312,3.16316,3.1622,3.15142,3.15072,3.14934,3.14715,3.15157,3.15173,3.16041,3.16413,3.16723,3.16833,3.1869,3.17422,3.1911,3.19865,3.21019,3.21571,3.23401,3.24461,3.26618,3.28196,3.27196,3.09868,2.95328,2.80923,2.67307,2.58169,2.45976,2.36441,2.28283,2.20267,2.13245,2.06048,1.98909,1.92211,1.87803,1.82592,1.7749,1.72285,1.69531,1.64494,1.61369,1.57541,1.55359,1.51142
1.59385,1.61301,1.65483,1.69233,1.73875,1.78988,1.82197,1.88343,1.93748,1.98486,2.06223,2.129,2.19812,2.2829,2.36327,2.45926,2.56606,2.664,2.7951,2.93546,3.0865,3.25411,3.27606,3.25603,3.24538,3.2265,3.21709,3.19741,3.19786,3.16693,3.17246,3.15879,3.15329,3.15326,3.14715,3.13072,3.14183,3.12456,3.13315,3.14215,3.12264,3.13092,3.12601,3.13493,3.14319,3.15722,3.14838,3.1588,3.17052,3.18587,3.20398,3.20815,3.21688,3.22806,3.24625,3.25721,3.28759,3.08996,2.9452,2.82,2.67726,2.56511,2.46995,2.36334,2.2734,2.20369,2.12226,2.05712,1.99578,1.92838,1.87826,1.82036,1.77262,1.74043,1.70212,1.63561,1.6099,1.57579,1.539,1.51656
1.57458,1.62368,1.65086,1.70718,1.74491,1.78868,1.83193,1.88707,1.9493,1.99401,2.06843,2.13856,2.21297,2.27713,2.37854,2.47166,2.56861,2.6811,2.80298,2.93929,3.09396,3.24734,3.23098,3.20571,3.1904,3.17619,3.16939,3.1532,3.13257,3.13407,3.11995,3.1103,3.09985,3.10104,3.10903,3.0966,3.08909,3.08752,3.07982,3.08407,3.08127,3.08531,3.08495,3.08888,3.08986,3.10403,3.10899,3.10944,3.12244,3.12849,3.15625,3.15672,3.16816,3.17755,3.20116,3.21667,3.23229,3.10354,2.94794,2.80367,2.67748,2.56296,2.4753,2.37595,2.27841,2.19976,2.13124,2.06233,1.98546,1.9295,1.87545,1.81844,1.77543,1.73729,1.67813,1.6472,1.61229,1.57529,1.53024,1.51531
1.58529,1.62264,1.66641,1.69917,1.75653,1.78804,1.84119,1.88017,1.94108,2.00905,2.06546,2.13064,2.20165,2.28323,2.38321,2.46905,2.57093,2.68493,2.80178,2.94747,3.10299,3.20211,3.19023,3.16542,3.15282,3.15199,3.11526,3.12389,3.10634,3.09357,3.08799,3.07927,3.07041,3.06145,3.05789,3.05467,3.06095,3.04961,3.05048,3.05824,3.05002,3.05523,3.0514,3.05592,3.07219,3.06368,3.07763,3.08989,3.09314,3.09505,3.12136,3.12896,3.1454,3.15524,3.16278,3.17517,3.20032,3.09028,2.93808,2.79897,2.67441,2.55169,2.46402,2.35737,2.28431,2.20548,2.11414,2.05475,1.99097,1.92987,1.87833,1.82259,1.76852,1.73017,1.68458,1.63885,1.60725,1.56785,1.55014,1.49546
1.5874,1.62591,1.65273,1.70512,1.74079,1.78749,1.83155,1.89973,1.95413,1.99855,2.07033,2.13128,2.20638,2.29098,2.37173,2.47522,2.56679,2.68573,2.80803,2.94293,3.10539,3.11529,3.09425,3.08543,3.07105,3.04803,3.03713,3.02826,3.01806,3.0056,2.9963,2.99137,2.98942,2.98841,2.97496,2.96485,2.97324,2.9702,2.97407,2.98153,2.97542,2.98144,2.97088,2.9767,2.98533,2.98814,2.9894,2.99777,3.01402,3.01163,3.01914,3.03412,3.05435,3.06887,3.08509,3.09135,3.11464,3.07699,2.92623,2.79496,2.66458,2.5602,2.45802,2.3572,2.27472,2.19024,2.11055,2.03753,1.98424,1.92225,1.86937,1.81781,1.77195,1.71388,1.6764,1.64555,1.59463,1.57123,1.5284,1.50547
1.58697,1.62281,1.66639,1.70307,1.74415,1.78999,1.85179,1.89773,1.95335,2.00547,2.0637,2.14263,2.21821,2.28711,2.38307,2.46491,2.58165,2.68838,2.81979,2.95744,3.00427,2.98586,2.97124,2.96115,2.93953,2.92768,2.91691,2.902,2.90025,2.88674,2.87973,2.86232,2.86571,2.85404,2.85164,2.84606,2.85196,2.84965,2.84597,2.84215,2.84861,2.83549,2.85142,2.8428,2.85823,2.86164,2.87352,2.8696,2.88262,2.89329,2.89757,2.90782,2.9234,2.9302,2.95229,2.96585,2.98181,3.00091,2.93037,2.78996,2.66492,2.56348,2.44403,2.35765,2.25807,2.1917,2.10965,2.0499,1.9814,1.91946,1.87108,1.8326,1.76124,1.72001,1.67619,1.63668,1.6017,1.5646,1.53169,1.49926
1.59536,1.62784,1.6764,1.70861,1.75553,1.79305,1.848,1.89734,1.9531,2.01518,2.07464,2.16506,2.21987,2.30248,2.3822,2.48692,2.59687,2.69464,2.82016,2.94416,2.91846,2.90457,2.88379,2.87357,2.87203,2.86054,2.84397,2.82086,2.82186,2.80931,2.8022,2.78404,2.79224,2.77346,2.77444,2.77175,2.76182,2.76898,2.77093,2.77038,2.77061,2.7664,2.77641,2.77545,2.77192,2.78392,2.78867,2.79575,2.80282,2.81285,2.81964,2.8343,2.84798,2.85554,2.87834,2.87801,2.89924,2.92081,2.91768,2.77296,2.65542,2.53534,2.44449,2.34,2.26382,2.18451,2.11065,2.02874,1.9762,1.9149,1.85796,1.81136,1.759,1.7186,1.68374,1.6313,1.58804,1.56701,1.52566,1.49944
1.60686,1.62866,1.66751,1.71228,1.75296,1.79577,1.85274,1.89211,1.94834,2.01574,2.08484,2.15632,2.22094,2.30891,2.3857,2.48656,2.59256,2.7048,2.83613,2.85096,2.84124,2.81357,2.80899,2.7963,2.77494,2.76957,2.75149,2.7434,2.73591,2.73243,2.70981,2.7146,2.70762,2.7122,2.70088,2.70311,2.69456,2.70663,2.69338,2.69285,2.69368,2.69082,2.70012,2.70499,2.70674,2.71825,2.71548,2.72009,2.73693,2.73476,2.7535,2.77117,2.77288,2.77051,2.80282,2.79768,2.82174,2.83849,2.84317,2.77875,2.64128,2.5347,2.4408,2.34303,2.25544,2.17429,2.10205,2.03553,1.97081,1.91517,1.85332,1.81452,1.77061,1.70703,1.668,1.63635,1.60123,1.55209,1.53367,1.5027
1.60281,1.64082,1.67008,1.72026,1.75042,1.79999,1.84672,1.90447,1.97154,2.02657,2.07844,2.15755,2.2326,2.30778,2.40143,2.50581,2.58609,2.71419,2.79001,2.78433,2.77174,2.74835,2.72459,2.72333,2.70743,2.68756,2.68343,2.6813,2.66094,2.66122,2.65041,2.64206,2.62707,2.63092,2.62356,2.62382,2.6217,2.61571,2.61675,2.61016,2.62336,2.62601,2.62829,2.62887,2.6179,2.6317,2.6489,2.64012,2.65725,2.66607,2.68518,2.67861,2.69516,2.68937,2.71354,2.73967,2.74593,2.76732,2.79055,2.7731,2.6453,2.53759,2.44036,2.34075,2.272,2.16948,2.09859,2.02544,1.96305,1.91057,1.83945,1.80037,1.75049,1.71002,1.66428,1.62187,1.59211,1.55615,1.53392,1.49451
1.59545,1.63619,1.68,1.72304,1.76212,1.81769,1.84845,1.89658,1.97421,2.02791,2.09261,2.16364,2.23128,2.32354,2.41008,2.50117,2.60836,2.70891,2.73609,2.71235,2.70352,2.68079,2.67328,2.66034,2.641,2.63121,2.62499,2.61722,2.59802,2.60299,2.59285,2.57853,2.57631,2.56141,2.56304,2.5718,2.56024,2.55957,2.55967,2.55839,2.56506,2.56508,2.56318,2.5656,2.58072,2.57217,2.58586,2.59351,2.5934,2.607,2.61383,2.61825,2.63832,2.6498,2.65615,2.66702,2.68459,2.69105,2.71507,2.73448,2.64696,2.53238,2.43132,2.33549,2.24555,2.17203,2.09173,2.028,1.9748,1.90141,1.84569,1.7948,1.75309,1.71119,1.66087,1.62398,1.58486,1.55877,1.51103,1.48187
1.60153,1.64372,1.68482,1.71364,1.76161,1.81175,1.8567,1.90447,1.95523,2.02339,2.09182,2.16137,2.24252,2.32323,2.41643,2.50307,2.61092,2.69838,2.67051,2.65484,2.63691,2.61759,2.60984,2.59762,2.58189,2.57456,2.55812,2.55249,2.54321,2.53331,2.52472,2.52014,2.52679,2.5188,2.49932,2.51363,2.49598,2.49756,2.50621,2.50425,2.50861,2.51171,2.50102,2.50112,2.51711,2.51814,2.52207,2.52198,2.52734,2.54716,2.55707,2.56822,2.56888,2.58509,2.60378,2.60087,2.62706,2.64639,2.65802,2.6798,2.63493,2.52546,2.42515,2.33682,2.22896,2.16696,2.09841,2.03172,1.96606,1.90044,1.85065,1.79283,1.75723,1.70732,1.67019,1.61917,1.58817,1.54045,1.50732,1.4862
1.5981,1.64752,1.67232,1.72368,1.76652,1.81184,1.86066,1.92708,1.9727,2.02947,2.09536,2.15646,2.23806,2.32004,2.4118,2.5162,2.6176,2.62995,2.61065,2.59749,2.57519,2.55815,2.55063,2.54603,2.53483,2.52044,2.50521,2.48544,2.49139,2.47989,2.472,2.47045,2.46254,2.44957,2.43929,2.44706,2.44816,2.4469,2.44229,2.4507,2.44396,2.45102,2.44633,2.46083,2.46683,2.45628,2.47182,2.47355,2.48839,2.47836,2.50264,2.50403,2.52226,2.52669,2.54529,2.55704,2.57198,2.58618,2.59242,2.60507,2.63054,2.51543,2.42063,2.33029,2.24127,2.16293,2.08483,2.01276,1.9541,1.9091,1.841,1.78165,1.74412,1.69902,1.66554,1.61706,1.59349,1.55765,1.50645,1.49039
1.61775,1.64661,1.68596,1.72491,1.76279,1.81385,1.85662,1.92009,1.96844,2.03825,2.09931,2.16741,2.2563,2.31855,2.42071,2.50798,2.58659,2.56136,2.54872,2.53766,2.52497,2.50362,2.484,2.47591,2.47874,2.45065,2.44932,2.42986,2.42422,2.41375,2.41455,2.40703,2.40473,2.39408,2.3956,2.38913,2.40081,2.39661,2.39021,2.38615,2.3817,2.39032,2.39715,2.39537,2.39,2.4115,2.40419,2.41474,2.42334,2.44306,2.44474,2.4427,2.45527,2.46707,2.47491,2.48832,2.51107,2.51442,2.53881,2.55422,2.56893,2.51377,2.41496,2.32457,2.24339,2.1542,2.08164,2.00892,1.95553,1.89107,1.84135,1.79116,1.74899,1.69889,1.66055,1.61932,1.57511,1.55404,1.52079,1.4777
1.60982,1.63926,1.67897,1.73235,1.76151,1.813,1.86083,1.91271,1.95538,2.03098,2.10764,2.16677,2.24085,2.32305,2.41503,2.50696,2.53712,2.52384,2.50395,2.48441,2.47691,2.46022,2.44483,2.4408,2.42054,2.42272,2.41206,2.39992,2.3954,2.38341,2.36947,2.37447,2.36068,2.35217,2.35906,2.35456,2.34724,2.34805,2.34695,2.34423,2.34352,2.3366,2.34822,2.34544,2.36072,2.36387,2.37211,2.37127,2.38369,2.38775,2.39498,2.40296,2.42483,2.427,2.42584,2.45839,2.4623,2.47255,2.4974,2.50543,2.52017,2.517,2.41811,2.3214,2.23127,2.15027,2.07947,2.02195,1.95537,1.89925,1.84343,1.79514,1.74363,1.69239,1.65287,1.62442,1.58826,1.5473,1.50896,1.48083
1.59525,1.63519,1.67731,1.72227,1.75992,1.80784,1.85377,1.89603,1.95817,2.02511,2.07788,2.15418,2.22653,2.30628,2.38901,2.48673,2.46644,2.45236,2.42579,2.4216,2.40536,2.39587,2.38048,2.37109,2.35463,2.34443,2.3415,2.32471,2.32115,2.30376,2.29448,2.29925,2.29832,2.28578,2.28985,2.28302,2.27233,2.28243,2.28215,2.28056,2.28524,2.28119,2.28059,2.27909,2.28548,2.29716,2.28999,2.30045,2.30457,2.3097,2.31545,2.32985,2.33439,2.34246,2.37517,2.36451,2.39594,2.40883,2.41161,2.42549,2.44553,2.4671,2.43771,2.34247,2.25412,2.16306,2.09876,2.03141,1.97569,1.90966,1.85747,1.80673,1.75155,1.71488,1.66633,1.63315,1.58821,1.55945,1.52172,1.49743
1.55311,1.58385,1.62767,1.67068,1.70017,1.74384,1.79547,1.84535,1.88497,1.94889,2.00764,2.07153,2.15325,2.22596,2.30715,2.38077,2.40871,2.38303,2.37741,2.35985,2.33548,2.32374,2.30996,2.30581,2.30078,2.26687,2.26267,2.26116,2.25436,2.24497,2.23965,2.22057,2.22432,2.23271,2.20913,2.2162,2.20669,2.20903,2.20301,2.21241,2.19822,2.22619,2.20089,2.20877,2.21027,2.22525,2.22514,2.22357,2.23396,2.23851,2.24943,2.24556,2.24736,2.26873,2.27203,2.29304,2.31068,2.31448,2.3328,2.34562,2.3641,2.37951,2.40083,2.41328,2.346,2.25891,2.1878,2.11106,2.04604,1.97577,1.92426,1.87174,1.81102,1.76503,1.72932,1.68084,1.63402,1.59915,1.57132,1.53435
1.5584,1.58364,1.62425,1.65424,1.70141,1.74792,1.79708,1.84179,1.89352,1.95499,2.01763,2.06482,2.1452,2.2144,2.29825,2.33702,2.32034,2.2971,2.28226,2.26912,2.2583,2.24454,2.21884,2.20917,2.20322,2.20079,2.19215,2.17598,2.16348,2.1506,2.15745,2.14521,2.13887,2.14064,2.14775,2.13255,2.12805,2.1288,2.13306,2.12664,2.11588,2.12215,2.11329,2.13088,2.12961,2.14365,2.1305,2.14891,2.1609,2.15563,2.17671,2.17779,2.19053,2.18847,2.19662,2.20707,2.22292,2.23317,2.24572,2.25692,2.2729,2.2992,2.29829,2.33307,2.34541,2.26373,2.17377,2.10847,2.04744,1.96967,1.92695,1.85834,1.81242,1.76253,1.72995,1.68256,1.6385,1.62413,1.57057,1.5459
1.55459,1.58803,1.62891,1.66159,1.70415,1.74432,1.7902,1.84331,1.88399,1.94734,2.00501,2.07542,2.15124,2.22954,2.28585,2.24675,2.23673,2.24251,2.22051,2.20213,2.18961,2.16774,2.16525,2.14356,2.1342,2.12658,2.12673,2.10868,2.10588,2.09525,2.08532,2.07552,2.07221,2.0724,2.07276,2.06192,2.06538,2.05885,2.06116,2.06729,2.06155,2.05479,2.06304,2.06955,2.07326,2.07447,2.07969,2.07996,2.09099,2.08814,2.08893,2.11035,2.11573,2.1254,2.13086,2.14214,2.14895,2.16745,2.17298,2.20081,2.21009,2.22743,2.23132,2.26518,2.27152,2.25512,2.18451,2.10672,2.03745,1.97436,1.91549,1.86586,1.81153,1.76478,1.71292,1.67051,1.64663,1.61053,1.56946,1.53211
1.5641,1.59524,1.62268,1.65914,1.71867,1.74336,1.79462,1.83413,1.89679,1.95861,2.01775,2.08011,2.15727,2.21087,2.20158,2.19088,2.16227,2.15413,2.11854,2.11857,2.09901,2.08649,2.08464,2.05968,2.06091,2.05096,2.03584,2.03144,2.02449,2.01367,2.00785,2.01734,2.00041,1.98758,1.98544,1.99637,1.98439,1.99236,1.97227,1.97948,1.9908,1.98109,1.98379,1.99889,1.99759,1.99685,1.991,2.00553,2.00929,2.00619,2.02022,2.02179,2.03269,2.0458,2.0456,2.05895,2.07091,2.08383,2.09655,2.10617,2.12983,2.13935,2.15478,2.16635,2.18345,2.21079,2.18409,2.10915,2.03199,1.97427,1.91002,1.86692,1.80385,1.77067,1.71869,1.68377,1.639,1.60245,1.56475,1.52633
1.5577,1.59548,1.62705,1.66613,1.70716,1.75174,1.79269,1.84789,1.897,1.94702,2.01387,2.07746,2.14743,2.14641,2.12948,2.1081,2.07616,2.07794,2.05949,2.04831,2.04066,2.02791,2.01951,2.00695,1.99436,1.97396,1.97475,1.97206,1.96182,1.96169,1.94545,1.93856,1.93485,1.9295,1.92991,1.92595,1.91804,1.92243,1.91392,1.92155,1.92704,1.92354,1.92468,1.9296,1.92026,1.92688,1.94013,1.94364,1.94075,1.95128,1.96495,1.95261,1.96457,1.98671,1.98558,2.00278,1.99791,2.01933,2.03101,2.04374,2.05796,2.07005,2.07428,2.10615,2.10824,2.12956,2.14503,2.10548,2.03631,1.98004,1.91704,1.8503,1.81259,1.77188,1.72566,1.67101,1.64116,1.60218,1.5647,1.52376
1.55286,1.59139,1.63611,1.66325,1.70894,1.74819,1.79646,1.83739,1.90331,1.95711,2.01703,2.07473,2.10669,2.08744,2.07509,2.05487,2.04371,2.02015,2.00347,2.00225,1.98027,1.97371,1.96449,1.96135,1.92977,1.93463,1.92065,1.91427,1.90895,1.90262,1.89521,1.89367,1.87676,1.89733,1.88499,1.87629,1.87155,1.87331,1.86325,1.87128,1.87002,1.87103,1.86898,1.87862,1.87327,1.88082,1.89336,1.88414,1.89707,1.90524,1.90628,1.91487,1.91132,1.93675,1.93498,1.94427,1.96057,1.97489,1.97048,2.00047,2.00564,2.01446,2.03352,2.04155,2.06516,2.07602,2.09358,2.10593,2.04181,1.9743,1.91196,1.86521,1.81029,1.75502,1.71361,1.67634,1.64573,1.5907,1.56636,1.54403
1.55907,1.59377,1.62413,1.66812,1.70536,1.75046,1.80179,1.83986,1.89476,1.95447,2.02741,2.05097,2.02425,2.01039,1.99835,1.97018,1.96664,1.94989,1.92728,1.91781,1.89863,1.90166,1.89542,1.87783,1.86388,1.85736,1.84752,1.84215,1.8399,1.82142,1.82381,1.82183,1.81289,1.81333,1.80108,1.80903,1.79337,1.80444,1.79547,1.79355,1.80469,1.78203,1.79707,1.80832,1.80586,1.80821,1.80494,1.81094,1.81871,1.82173,1.82152,1.83164,1.84415,1.84736,1.86185,1.87016,1.87554,1.88015,1.89508,1.90884,1.9226,1.9388,1.95625,1.96452,1.97978,1.99437,2.0128,2.03686,2.03833,1.97889,1.91544,1.86273,1.80712,1.75847,1.71806,1.68199,1.64212,1.59152,1.55751,1.53424
1.55286,1.5861,1.62017,1.66646,1.71448,1.74931,1.78915,1.848,1.89625,1.95351,1.98178,1.96406,1.95005,1.934,1.91025,1.89622,1.87628,1.86634,1.8532,1.83588,1.83065,1.81935,1.80744,1.80511,1.8046,1.77999,1.77677,1.76071,1.75029,1.75452,1.74943,1.73771,1.73516,1.73828,1.73597,1.73542,1.73256,1.72471,1.72573,1.74138,1.7269,1.71735,1.72895,1.72779,1.72234,1.72957,1.74767,1.7264,1.74339,1.75467,1.75745,1.77601,1.76811,1.77616,1.7898,1.79515,1.80774,1.81268,1.81518,1.83548,1.84195,1.85669,1.87859,1.8866,1.91127,1.92213,1.93334,1.95064,1.96197,1.96988,1.91185,1.85626,1.81147,1.76609,1.71925,1.66797,1.63244,1.60392,1.57439,1.52858
1.55152,1.59779,1.63019,1.66721,1.70703,1.75057,1.80582,1.84436,1.90384,1.92098,1.90567,1.88534,1.85059,1.85191,1.82611,1.81285,1.80856,1.78928,1.77777,1.77474,1.75024,1.75105,1.72871,1.7287,1.71885,1.7109,1.70531,1.70299,1.69571,1.68486,1.67741,1.67868,1.67842,1.67283,1.66224,1.66151,1.65852,1.65935,1.65358,1.65222,1.66443,1.65188,1.65329,1.65813,1.65528,1.6679,1.66807,1.67665,1.67087,1.67269,1.68388,1.69451,1.69502,1.70583,1.71197,1.72314,1.72961,1.72564,1.75184,1.76103,1.772,1.7902,1.80404,1.81073,1.82968,1.83347,1.86019,1.87062,1.89452,1.91369,1.91648,1.86631,1.80647,1.76656,1.72627,1.66582,1.63543,1.60058,1.56457,1.53383
1.56217,1.59596,1.6253,1.67672,1.70618,1.73402,1.7996,1.85118,1.89121,1.87694,1.85586,1.82741,1.80785,1.80331,1.78361,1.77566,1.76397,1.74819,1.73806,1.70762,1.71243,1.70381,1.69084,1.66317,1.65966,1.66432,1.64896,1.6532,1.64487,1.63725,1.62561,1.63852,1.62112,1.62595,1.61722,1.61833,1.61712,1.60751,1.61849,1.60568,1.62296,1.61531,1.62117,1.60316,1.62101,1.61486,1.62975,1.62536,1.64145,1.63856,1.64509,1.65009,1.65564,1.65393,1.65537,1.6726,1.67977,1.69217,1.70641,1.71807,1.71925,1.73605,1.74848,1.76811,1.77261,1.79259,1.80718,1.822,1.83613,1.85922,1.89199,1.85952,1.81779,1.7656,1.72316,1.6673,1.63265,1.60124,1.56453,1.53324
1.55515,1.58631,1.64687,1.66225,1.71482,1.7547,1.79812,1.83803,1.84433,1.81963,1.79046,1.78542,1.77168,1.75192,1.73941,1.71919,1.714,1.69836,1.69692,1.67568,1.6613,1.64864,1.63432,1.62999,1.63974,1.61691,1.61273,1.60452,1.6048,1.59614,1.58954,1.58577,1.57914,1.57893,1.56904,1.57777,1.58336,1.57804,1.57088,1.56926,1.56393,1.56516,1.57436,1.57374,1.57309,1.57193,1.57272,1.58689,1.58765,1.59553,1.61,1.60117,1.60811,1.61921,1.62233,1.62834,1.63399,1.6474,1.65784,1.66498,1.68204,1.6884,1.70067,1.72447,1.72419,1.73324,1.75918,1.77509,1.79883,1.81485,1.83199,1.85402,1.81209,1.76602,1.71443,1.66735,1.63648,1.59809,1.5633,1.53717
1.56083,1.59572,1.63149,1.66118,1.71169,1.75,1.79605,1.80084,1.78931,1.75682,1.74926,1.73105,1.7106,1.69572,1.68668,1.65953,1.64944,1.647,1.63513,1.61956,1.60747,1.59892,1.59866,1.58464,1.56635,1.57208,1.55993,1.55042,1.54565,1.54636,1.54219,1.53821,1.54015,1.53128,1.52275,1.52769,1.52663,1.52327,1.52418,1.52287,1.51898,1.52606,1.52804,1.5199,1.53367,1.53003,1.53059,1.52498,1.54267,1.53954,1.54082,1.5471,1.55636,1.56801,1.5759,1.57444,1.58899,1.5987,1.60676,1.61847,1.62047,1.63221,1.64453,1.65617,1.66924,1.69731,1.70519,1.71505,1.73923,1.75303,1.76273,1.78425,1.79436,1.77345,1.71289,1.6707,1.63125,1.59693,1.56244,1.53068
1.55952,1.58939,1.62614,1.66219,1.69669,1.74743,1.75159,1.73541,1.72539,1.70146,1.67531,1.66657,1.64867,1.63822,1.61604,1.61074,1.60474,1.58308,1.56788,1.55251,1.55968,1.5427,1.54046,1.53098,1.52559,1.51188,1.49457,1.49315,1.48796,1.48974,1.48582,1.48138,1.48299,1.48064,1.47283,1.47437,1.47872,1.46493,1.45899,1.47298,1.46764,1.46618,1.45852,1.46831,1.4601,1.47001,1.47438,1.47756,1.48414,1.4885,1.48661,1.49549,1.49985,1.51012,1.50842,1.5229,1.52255,1.53688,1.5409,1.55262,1.56127,1.57205,1.58643,1.604,1.60695,1.62,1.63614,1.65669,1.66235,1.69201,1.6978,1.72403,1.73908,1.75789,1.72006,1.67427,1.63196,1.59739,1.55877,1.54582
1.55212,1.59718,1.63626,1.67047,1.7061,1.69678,1.67573,1.66079,1.64105,1.62122,1.60358,1.57658,1.57021,1.55772,1.54123,1.52963,1.51901,1.50443,1.49145,1.50486,1.48151,1.48412,1.46209,1.46039,1.44873,1.44829,1.4413,1.43145,1.42358,1.4246,1.42566,1.40854,1.40286,1.40531,1.41014,1.41011,1.39011,1.40287,1.4026,1.40463,1.39087,1.39657,1.39606,1.40477,1.39675,1.41034,1.40815,1.40763,1.41635,1.41724,1.42384,1.42824,1.43776,1.43023,1.4511,1.45469,1.46499,1.46214,1.4861,1.48245,1.50434,1.49845,1.51235,1.52809,1.53501,1.54982,1.56317,1.57887,1.58825,1.6113,1.62681,1.64107,1.67251,1.68587,1.70354,1.68361,1.6357,1.58539,1.56929,1.5295
1.55343,1.60228,1.6301,1.66154,1.63235,1.61643,1.60708,1.58178,1.56238,1.54177,1.5198,1.51455,1.50963,1.48592,1.47474,1.45222,1.4554,1.43975,1.43001,1.41631,1.41158,1.40826,1.39511,1.38341,1.37669,1.37125,1.36158,1.35643,1.35452,1.35506,1.34389,1.33575,1.34577,1.35067,1.34549,1.34044,1.32642,1.33471,1.32612,1.32431,1.34295,1.33666,1.32511,1.32969,1.33116,1.33995,1.33504,1.34262,1.34556,1.35815,1.34315,1.35427,1.37028,1.37124,1.37862,1.38427,1.38329,1.40835,1.41579,1.41359,1.43821,1.43174,1.44801,1.45057,1.46811,1.4829,1.49247,1.50382,1.52237,1.539,1.54656,1.57068,1.58528,1.60546,1.63026,1.65077,1.63668,1.60657,1.56197,1.52906
1.54954,1.58797,1.6099,1.582,1.55676,1.54036,1.52667,1.50992,1.49499,1.47663,1.47028,1.46222,1.45145,1.42677,1.40922,1.39386,1.39437,1.39643,1.37173,1.36345,1.35574,1.33647,1.33094,1.34316,1.32926,1.31886,1.32206,1.31494,1.30688,1.30714,1.2913,1.29335,1.28253,1.27639,1.28945,1.274,1.27915,1.27203,1.27899,1.27552,1.27071,1.2777,1.27057,1.27295,1.29437,1.27582,1.30033,1.28718,1.28215,1.29446,1.2993,1.30311,1.29929,1.31558,1.31721,1.32258,1.34221,1.344,1.35318,1.34512,1.36909,1.38424,1.3961,1.397,1.41598,1.41944,1.43133,1.45259,1.45456,1.46539,1.48555,1.47995,1.51257,1.53471,1.55684,1.58163,1.59143,1.59045,1.55968,1.53783
1.56056,1.5408,1.53561,1.50543,1.48143,1.47353,1.445,1.43345,1.42695,1.4129,1.392,1.3741,1.35838,1.34343,1.33947,1.32731,1.32211,1.30993,1.30379,1.28497,1.28413,1.27787,1.26934,1.26511,1.24984,1.243,1.25361,1.24171,1.2366,1.23803,1.22253,1.22194,1.22572,1.22835,1.2126,1.20276,1.20828,1.22188,1.22418,1.20335,1.21142,1.21183,1.22729,1.22208,1.20991,1.21777,1.22565,1.22194,1.2285,1.22594,1.24272,1.24167,1.24752,1.24117,1.24907,1.25915,1.25588,1.26863,1.27166,1.27986,1.29792,1.3047,1.30411,1.32031,1.32785,1.33451,1.35652,1.36585,1.3787,1.38809,1.41907,1.42358,1.43716,1.46049,1.48172,1.49821,1.52488,1.52851,1.55406,1.52551
1.48527,1.46586,1.44852,1.42599,1.40362,1.38801,1.3718,1.35562,1.3393,1.314,1.31478,1.29253,1.2971,1.28114,1.27345,1.2689,1.24752,1.23189,1.24567,1.22614,1.21319,1.20605,1.19189,1.20243,1.18714,1.18991,1.17464,1.18954,1.15985,1.17228,1.1612,1.15629,1.15109,1.15167,1.15302,1.15156,1.15762,1.14516,1.14087,1.14835,1.14378,1.14538,1.14711,1.13713,1.14748,1.14725,1.15229,1.15369,1.15061,1.16227,1.16381,1.16954,1.16941,1.18415,1.18339,1.18342,1.20042,1.19818,1.21187,1.21272,1.23301,1.22842,1.23643,1.24832,1.25728,1.27973,1.28066,1.29152,1.30043,1.32395,1.32688,1.34532,1.35667,1.37561,1.40574,1.41074,1.43236,1.45292,1.47736,1.49039
1.41368,1.39347,1.3791,1.35536,1.33482,1.31823,1.30982,1.2902,1.28118,1.24951,1.25085,1.23471,1.21895,1.21226,1.20831,1.19455,1.19196,1.17888,1.16886,1.16002,1.16,1.14245,1.14714,1.13516,1.12667,1.12303,1.12261,1.11544,1.11768,1.10052,1.10735,1.10347,1.09894,1.1021,1.09351,1.08433,1.08234,1.08845,1.0901,1.07549,1.09187,1.07947,1.08091,1.0937,1.08805,1.09652,1.0979,1.10009,1.10858,1.10281,1.10362,1.11826,1.11647,1.12591,1.12699,1.13574,1.13041,1.14634,1.15735,1.16008,1.16119,1.16806,1.18576,1.19175,1.2029,1.21817,1.21864,1.23619,1.24256,1.25555,1.2709,1.28499,1.29049,1.32087,1.32612,1.34758,1.35815,1.38033,1.39705,1.42867
1.34333,1.32678,1.30279,1.28223,1.26012,1.25571,1.23526,1.22466,1.20945,1.19914,1.18697,1.17593,1.16085,1.15682,1.14501,1.13811,1.13166,1.12946,1.11249,1.10693,1.09015,1.08961,1.08709,1.07407,1.07929,1.06308,1.0553,1.06364,1.05351,1.05401,1.05054,1.03582,1.0497,1.05414,1.04377,1.04115,1.03188,1.04445,1.0274,1.03615,1.03529,1.02858,1.03876,1.03868,1.04649,1.0524,1.02541,1.04319,1.0484,1.04382,1.05668,1.05682,1.0687,1.06441,1.07606,1.0731,1.07952,1.08011,1.09941,1.09816,1.10669,1.11477,1.11402,1.13259,1.13385,1.15107,1.1608,1.17168,1.1778,1.19523,1.19968,1.21211,1.23821,1.23581,1.25283,1.27235,1.29737,1.31354,1.33728,1.35796
1.27257,1.26549,1.24844,1.23766,1.20751,1.19855,1.18876,1.16661,1.15435,1.14364,1.14633,1.13959,1.11817,1.10217,1.08805,1.0881,1.07655,1.07004,1.0543,1.049,1.05301,1.04106,1.02766,1.02733,1.03165,1.02634,1.02189,1.01157,1.01256,1.00242,1.00287,1.00406,1.0052,1.00064,0.995428,0.983281,0.992221,0.997871,0.990625,0.992263,0.992452,0.993629,0.981456,0.989918,0.991879,0.994396,0.997824,0.996674,0.995854,1.00739,1.00609,1.0242,1.01206,1.01653,1.0232,1.03781,1.02938,1.04213,1.05367,1.04403,1.06218,1.07937,1.07721,1.08019,1.09648,1.09836,1.11363,1.11977,1.13665,1.14483,1.15406,1.16159,1.18462,1.2073,1.20337,1.21807,1.24523,1.2456,1.27703,1.29381
1.19448,1.17941,1.16174,1.15094,1.1438,1.11027,1.11383,1.09108,1.09007,1.06666,1.05901,1.06501,1.04058,1.04093,1.03137,1.01258,1.00652,1.00908,0.992226,0.975272,0.973737,0.974302,0.966956,0.966589,0.949516,0.955964,0.953741,0.955053,0.935452,0.937134,0.93533,0.942459,0.927252,0.923671,0.913835,0.925519,0.92763,0.918279,0.925989,0.932344,0.920217,0.924416,0.924689,0.920717,0.925442,0.927881,0.932228,0.940775,0.931257,0.927594,0.945386,0.938637,0.942875,0.956265,0.95173,0.962212,0.966112,0.976507,0.984868,0.984417,0.980573,0.993153,1.00374,1.01736,1.02093,1.03718,1.03707,1.03744,1.04619,1.0631,1.0782,1.08366,1.10746,1.11157,1.134,1.14529,1.15659,1.16477,1.18544,1.19262
1.1428,1.12459,1.10946,1.1008,1.09176,1.07238,1.04939,1.04104,1.03096,1.02261,1.00206,1.00301,0.999907,0.974462,0.97452,0.975542,0.9645,0.932333,0.94455,0.937576,0.942036,0.928925,0.927425,0.909867,0.91614,0.910808,0.906697,0.904858,0.901156,0.896568,0.89477,0.889732,0.887083,0.886431,0.887448,0.878026,0.883309,0.879164,0.880425,0.884956,0.888265,0.894018,0.874713,0.888655,0.894592,0.878245,0.89124,0.886864,0.885691,0.884997,0.905124,0.907505,0.911839,0.898455,0.909376,0.916746,0.915483,0.935055,0.936186,0.93698,0.939878,0.940844,0.958283,0.950915,0.970577,0.976217,0.992148,0.99824,1.00488,1.02224,1.0231,1.03839,1.05383,1.06229,1.07713,1.08752,1.09563,1.12192,1.13464,1.14944
1.05863,1.04033,1.02393,1.018,1.0042,0.983211,0.978278,0.963849,0.958844,0.947032,0.933031,0.923742,0.913898,0.91877,0.883897,0.897996,0.888049,0.869031,0.878191,0.875693,0.865425,0.854176,0.854012,0.850616,0.845085,0.83131,0.830746,0.842851,0.833642,0.825765,0.831679,0.822494,0.81982,0.816952,0.810877,0.815347,0.819069,0.81574,0.811448,0.815536,0.813608,0.818425,0.813978,0.818859,0.812012,0.817779,0.822347,0.821345,0.821481,0.824914,0.838614,0.837854,0.827924,0.836691,0.84946,0.84885,0.84677,0.856581,0.863764,0.858844,0.868511,0.878949,0.883755,0.893707,0.910388,0.904476,0.921983,0.920908,0.934449,0.944892,0.946874,0.961331,0.973619,0.98397,1.00259,1.00817,1.01874,1.02782,1.04464,1.06498
1.00127,0.977744,0.972521,0.960469,0.936325,0.937447,0.915344,0.915006,0.90407,0.887556,0.876491,0.873113,0.871977,0.868848,0.857301,0.845927,0.830665,0.836542,0.831296,0.811734,0.815216,0.814724,0.808433,0.803867,0.801384,0.787486,0.78899,0.796745,0.785509,0.776869,0.77136,0.772195,0.772501,0.774564,0.779683,0.773877,0.75983,0.774185,0.76282,0.773388,0.76679,0.763321,0.762851,0.775221,0.767627,0.774727,0.781641,0.792994,0.789108,0.780464,0.790025,0.782786,0.784592,0.804537,0.799892,0.803074,0.81237,0.806514,0.814853,0.820701,0.813791,0.824415,0.832152,0.850153,0.844154,0.857594,0.859592,0.86519,0.880159,0.875775,0.905601,0.902719,0.914016,0.933452,0.941563,0.956132,0.966762,0.976451,0.990704,1.01775
0.910471,0.894855,0.887957,0.879659,0.862977,0.850335,0.853152,0.8384,0.825333,0.80948,0.807194,0.801718,0.791101,0.785931,0.780507,0.773319,0.76873,0.764184,0.756686,0.75046,0.752992,0.738538,0.744623,0.737875,0.72261,0.73662,0.730378,0.724094,0.717633,0.719889,0.720968,0.719116,0.711904,0.707306,0.711874,0.711929,0.711955,0.702793,0.703275,0.705372,0.703994,0.703869,0.705674,0.697805,0.71427,0.71596,0.722426,0.72053,0.727222,0.71804,0.716068,0.728099,0.724214,0.722489,0.736786,0.734497,0.741062,0.746732,0.741986,0.745606,0.750978,0.765592,0.764026,0.772789,0.778608,0.783652,0.796556,0.796947,0.797816,0.807281,0.820743,0.820112,0.82247,0.850702,0.851997,0.880441,0.890591,0.893529,0.914387,0.92008
0.833249,0.829057,0.818396,0.803216,0.796359,0.788618,0.769603,0.757741,0.765871,0.745598,0.749962,0.739684,0.725685,0.72322,0.709496,0.716699,0.704433,0.694538,0.690174,0.703715,0.688624,0.692776,0.679643,0.678808,0.66796,0.66713,0.667321,0.665111,0.652678,0.653837,0.651128,0.661594,0.65151,0.653027,0.658463,0.647952,0.636218,0.652296,0.648385,0.643474,0.649098,0.656209,0.650805,0.653459,0.654541,0.646781,0.665886,0.663261,0.664905,0.661099,0.654576,0.662457,0.65849,0.672766,0.673317,0.673875,0.683625,0.687557,0.678617,0.688981,0.695919,0.697803,0.705473,0.713635,0.721989,0.729962,0.724038,0.747171,0.741257,0.757634,0.762479,0.764854,0.767163,0.781749,0.795922,0.809927,0.800245,0.820611,0.846962,0.843322
0.780591,0.78121,0.755779,0.745975,0.753171,0.727621,0.716128,0.71941,0.715779,0.696227,0.692618,0.693238,0.690148,0.66652,0.670677,0.665386,0.658827,0.656108,0.650945,0.640323,0.634278,0.643521,0.626379,0.634826,0.628588,0.620052,0.613633,0.627448,0.61815,0.626376,0.594699,0.605696,0.602702,0.603924,0.605512,0.598902,0.60635,0.598268,0.609888,0.603816,0.605455,0.600518,0.599478,0.610669,0.607626,0.606038,0.601329,0.61094,0.606811,0.611334,0.618563,0.614019,0.622776,0.622059,0.631028,0.628564,0.625858,0.638762,0.643866,0.653824,0.650272,0.646618,0.658829,0.657548,0.663631,0.66528,0.675568,0.674369,0.694658,0.690486,0.709299,0.711386,0.7186,0.73199,0.735609,0.759274,0.760399,0.777508,0.789287,0.786152
0.698906,0.682343,0.679878,0.669418,0.661982,0.658884,0.644082,0.639367,0.634233,0.620191,0.611437,0.612952,0.613032,0.604288,0.587867,0.594871,0.593165,0.582087,0.587218,0.578369,0.581008,0.570009,0.564288,0.560889,0.562362,0.556782,0.547024,0.55717,0.546134,0.557472,0.549996,0.543565,0.543613,0.544241,0.540895,0.54919,0.549268,0.532174,0.539503,0.545032,0.529696,0.542883,0.544639,0.553676,0.540378,0.535419,0.544578,0.538521,0.539837,0.543222,0.563803,0.549536,0.549824,0.554011,0.560271,0.559266,0.563177,0.570555,0.572891,0.572272,0.586934,0.581738,0.583629,0.596918,0.596348,0.597846,0.612322,0.612404,0.608267,0.627376,0.621185,0.635513,0.637211,0.6535,0.660577,0.665393,0.677517,0.687355,0.688636,0.708179
0.609062,0.604477,0.594313,0.589779,0.58125,0.579627,0.568532,0.558942,0.554641,0.559941,0.546783,0.546483,0.533622,0.528042,0.519214,0.51911,0.515457,0.509156,0.499561,0.501583,0.505164,0.487188,0.501988,0.492159,0.494362,0.484211,0.487976,0.468895,0.478065,0.467661,0.47681,0.476638,0.474876,0.472352,0.478144,0.472973,0.472846,0.467692,0.480063,0.476991,0.474866,0.472561,0.466335,0.477597,0.475893,0.467866,0.477033,0.477454,0.471627,0.486886,0.483127,0.467708,0.488881,0.487736,0.482105,0.488746,0.493494,0.511627,0.496177,0.503954,0.51254,0.507115,0.510211,0.515896,0.513575,0.524704,0.537945,0.540686,0.536041,0.552165,0.555998,0.550751,0.558576,0.567064,0.577502,0.58286,0.600969,0.601581,0.599779,0.62475
0.521783,0.521275,0.5126,0.506942,0.506435,0.485985,0.490091,0.478382,0.467378,0.473441,0.478168,0.465578,0.459071,0.446416,0.454402,0.457784,0.441081,0.438202,0.437679,0.441251,0.430614,0.426842,0.422386,0.435843,0.420612,0.419518,0.414962,0.412893,0.427201,0.409964,0.399293,0.402772,0.412132,0.410157,0.40611,0.40485,0.403134,0.396246,0.406476,0.395111,0.406664,0.414054,0.406143,0.403982,0.406111,0.412926,0.423445,0.408478,0.410615,0.409319,0.405933,0.417533,0.417814,0.424095,0.412407,0.42921,0.431509,0.428098,0.43082,0.431465,0.430601,0.445344,0.439733,0.451254,0.443267,0.452194,0.447678,0.460174,0.454666,0.478354,0.473642,0.467275,0.483558,0.492474,0.500303,0.503835,0.511635,0.516928,0.513573,0.527194
0.462744,0.440481,0.444285,0.437954,0.426864,0.430582,0.414507,0.41135,0.418685,0.40879,0.406849,0.394386,0.394485,0.394644,0.388473,0.38634,0.378067,0.374453,0.37699,0.372077,0.372527,0.359161,0.370362,0.360306,0.374206,0.369133,0.351634,0.369573,0.351096,0.360201,0.356253,0.345616,0.348857,0.353247,0.345352,0.352471,0.353568,0.358037,0.348932,0.344313,0.345931,0.346894,0.347294,0.346975,0.351266,0.353725,0.351295,0.346818,0.356154,0.363539,0.365011,0.359172,0.361314,0.355801,0.359733,0.370728,0.374238,0.370201,0.380437,0.373314,0.37989,0.372134,0.37609,0.387227,0.387952,0.395242,0.389524,0.397118,0.396466,0.404304,0.409811,0.428377,0.410493,0.421811,0.425295,0.432515,0.455892,0.442006,0.453088,0.455878
0.391208,0.388841,0.375645,0.367976,0.353693,0.356915,0.354693,0.349559,0.359845,0.352143,0.328668,0.337794,0.325304,0.323467,0.328467,0.325734,0.318574,0.322367,0.303026,0.321125,0.318924,0.314344,0.312468,0.311769,0.309272,0.307481,0.305911,0.312058,0.299444,0.300597,0.298671,0.308353,0.298337,0.299915,0.296503,0.294134,0.307621,0.293976,0.302582,0.296024,0.292612,0.280643,0.301834,0.297377,0.293939,0.314186,0.291146,0.304865,0.305421,0.304921,0.305276,0.298241,0.308826,0.293355,0.309704,0.308278,0.306615,0.303594,0.30814,0.31764,0.308382,0.313756,0.316818,0.324755,0.325357,0.319217,0.335615,0.334577,0.34015,0.324939,0.348895,0.347957,0.35841,0.360348,0.355363,0.368448,0.37668,0.373902,0.378586,0.387782
0.295784,0.285647,0.287049,0.289131,0.281479,0.282566,0.273737,0.27732,0.264451,0.268742,0.257917,0.259729,0.256423,0.256739,0.24982,0.249603,0.248351,0.242989,0.25062,0.24991,0.256833,0.245729,0.232621,0.236097,0.245247,0.232077,0.238549,0.251585,0.243125,0.236613,0.240423,0.23224,0.224503,0.232935,0.23672,0.232199,0.223157,0.229463,0.236495,0.231538,0.232868,0.225558,0.236468,0.23113,0.228347,0.238166,0.229866,0.23566,0.229336,0.230883,0.23518,0.242181,0.242476,0.241058,0.232828,0.243843,0.240562,0.238506,0.245278,0.249273,0.239317,0.246908,0.25105,0.251149,0.266233,0.259412,0.25732,0.264467,0.262011,0.260133,0.275913,0.265532,0.267515,0.270679,0.276629,0.286904,0.283979,0.294636,0.29647,0.304383
