-1,-1,-1,-1,-1,-1,-1,-1,-1,-1,-1,-1,-1,-1,-1,-1,-1,-1,-1,-1,-1,-1,-1,-1,-1,-1,-1,-1,3.02573,3.02425,3.01006,3.00289,3.00091,2.9903,3.36775,7.54145,7.53836,-1,-1,-1,-1,-1,-1,-1,-1,7.53407,7.53545,-1,-1,-1,2.99998,3.00034,3.01796,3.03532,3.03844,3.04854,-1,-1,-1,-1,-1,-1,-1,-1,-1,-1,-1,-1,-1,-1,-1,-1,-1,-1,-1,-1,-1,-1,-1,-1
-1,-1,-1,-1,-1,-1,-1,-1,-1,-1,-1,-1,-1,-1,-1,-1,-1,-1,-1,-1,-1,-1,-1,-1,-1,-1,-1,-1,2.99096,2.97328,2.96194,2.95696,2.94973,2.93407,3.33712,7.10198,7.16938,7.20972,7.28972,7.35195,7.41703,7.48402,7.56102,7.63859,7.71561,7.66635,7.62015,7.96069,4.88928,3.35678,3.00519,2.95787,2.9617,2.97411,2.99227,3.00245,-1,-1,-1,-1,-1,-1,-1,-1,-1,-1,-1,-1,-1,-1,-1,-1,-1,-1,-1,-1,-1,-1,-1,-1
-1,-1,-1,-1,-1,-1,-1,-1,-1,-1,-1,-1,-1,-1,-1,-1,-1,-1,-1,-1,-1,-1,-1,-1,-1,-1,-1,2.89213,2.88568,2.8659,2.84904,2.85463,2.8447,2.94732,-1,7.41148,7.40395,-1,-1,-1,-1,-1,-1,-1,-1,7.40379,7.43307,-1,-1,3.24503,2.90766,2.87451,2.89063,2.88748,2.91236,2.92059,-1,-1,-1,-1,-1,-1,-1,-1,-1,-1,-1,-1,-1,-1,-1,-1,-1,-1,-1,-1,-1,-1,-1,-1
-1,-1,-1,-1,-1,-1,-1,-1,-1,-1,-1,-1,-1,-1,-1,-1,-1,-1,-1,-1,-1,-1,-1,-1,-1,-1,-1,2.82072,2.79716,2.79689,2.78294,2.78387,2.76632,3.1657,-1,7.34063,7.33254,-1,-1,-1,-1,-1,-1,-1,-1,7.35402,7.35493,-1,-1,3.1737,2.82226,2.80369,2.82162,2.83014,2.83574,2.84854,-1,-1,-1,-1,-1,-1,-1,-1,-1,-1,-1,-1,-1,-1,-1,-1,-1,-1,-1,-1,-1,-1,-1,-1
-1,-1,-1,-1,-1,-1,-1,-1,-1,-1,-1,-1,-1,-1,-1,-1,-1,-1,-1,-1,-1,-1,-1,-1,-1,-1,2.74945,2.73647,2.71812,2.70748,2.70817,2.69709,2.7871,-1,7.26681,7.25183,-1,-1,-1,-1,-1,-1,-1,-1,-1,7.25711,7.26192,-1,-1,-1,2.75172,2.71648,2.72271,2.73337,2.75067,2.76168,2.77738,-1,-1,-1,-1,-1,-1,-1,-1,-1,-1,-1,-1,-1,-1,-1,-1,-1,-1,-1,-1,-1,-1,-1
-1,-1,-1,-1,-1,-1,-1,-1,-1,-1,-1,-1,-1,-1,-1,-1,-1,-1,-1,-1,-1,-1,-1,-1,-1,0.236934,2.69331,2.68837,2.68127,2.66429,2.66449,2.64302,-1,-1,7.20435,7.18917,-1,-1,-1,-1,-1,-1,-1,-1,-1,7.20299,7.22383,-1,-1,3.63683,2.68702,2.67463,2.67219,2.68546,2.71218,2.72007,2.72758,-1,-1,-1,-1,-1,-1,-1,-1,-1,-1,-1,-1,-1,-1,-1,-1,-1,-1,-1,-1,-1,-1,-1
-1,-1,-1,-1,-1,-1,-1,-1,-1,-1,-1,-1,-1,-1,-1,-1,-1,-1,-1,-1,-1,-1,-1,-1,2.67615,2.67362,2.65158,2.64591,2.63763,2.62713,2.6151,0.331354,-1,7.17116,7.17152,-1,-1,-1,-1,-1,-1,-1,-1,-1,7.17904,7.1925,-1,-1,1.6701,2.66432,2.62578,2.65062,2.65629,2.65699,2.67548,2.68911,-1,-1,-1,-1,-1,-1,-1,-1,-1,-1,-1,-1,-1,-1,-1,-1,-1,-1,-1,-1,-1,-1,-1,-1
-1,-1,-1,-1,-1,-1,-1,-1,-1,-1,-1,-1,-1,-1,-1,-1,-1,-1,-1,-1,-1,-1,-1,2.65321,2.63181,2.63298,2.62091,2.61382,2.60761,2.58782,2.9492,7.01027,6.99907,7.01113,6.91351,7.02289,7.03616,7.03707,7.05492,7.06977,7.07911,7.10794,7.1242,7.00178,7.03085,7.20507,7.15331,1.52978,2.72482,2.61842,2.61406,2.62265,2.6366,2.65678,2.66689,-1,-1,-1,-1,-1,-1,-1,-1,-1,-1,-1,-1,-1,-1,-1,-1,-1,-1,-1,-1,-1,-1,-1,-1,-1
-1,-1,-1,-1,-1,-1,-1,-1,-1,-1,-1,-1,-1,-1,-1,-1,-1,-1,-1,-1,-1,-1,-1,2.5761,2.57306,2.56578,2.54565,2.54662,2.53287,2.5736,3.88337,5.72222,5.69373,5.65793,5.63855,5.61704,5.59139,5.58123,5.55825,5.54077,5.54845,5.51996,5.50412,5.49524,5.50025,5.49185,5.50066,5.49689,2.67664,2.54309,2.54906,2.55893,2.57773,2.58325,2.59525,-1,-1,-1,-1,-1,-1,-1,-1,-1,-1,-1,-1,-1,-1,-1,-1,-1,-1,-1,-1,-1,-1,-1,-1,-1
-1,-1,-1,-1,-1,-1,-1,-1,-1,-1,-1,-1,-1,-1,-1,-1,-1,-1,-1,-1,-1,-1,2.50484,2.49532,2.48156,2.4715,2.46554,2.45548,2.44923,2.57886,6.50306,6.43919,6.35128,6.28438,6.21366,6.14897,6.09169,6.03184,5.95193,5.91139,5.85614,5.80747,5.77445,5.72592,5.68765,5.66121,5.61035,5.5901,2.81596,2.47092,2.47492,2.48811,2.49863,2.50715,2.52119,2.53323,-1,-1,-1,-1,-1,-1,-1,-1,-1,-1,-1,-1,-1,-1,-1,-1,-1,-1,-1,-1,-1,-1,-1,-1
-1,-1,-1,-1,-1,-1,-1,-1,-1,-1,-1,-1,-1,-1,-1,-1,-1,-1,-1,-1,-1,-1,2.42339,2.41535,2.40301,2.39584,2.37126,2.37935,2.36971,2.73047,6.57027,6.49566,6.39178,6.3046,6.22987,6.13715,6.07812,6.00169,5.94285,5.88738,5.81338,5.76135,5.70014,5.65585,5.59852,5.55198,5.51008,5.47283,2.73251,2.41287,2.40174,2.4025,2.41704,2.43311,2.45297,2.45396,-1,-1,-1,-1,-1,-1,-1,-1,-1,-1,-1,-1,-1,-1,-1,-1,-1,-1,-1,-1,-1,-1,-1,-1
-1,-1,-1,-1,-1,-1,-1,-1,-1,-1,-1,-1,-1,-1,-1,-1,-1,-1,-1,-1,-1,2.32406,2.32421,2.2955,2.30252,2.29006,2.28304,2.26761,2.33249,2.63456,-1,7.24345,7.03146,7.02305,6.92235,6.82864,6.72441,6.65289,6.5492,6.47152,6.39437,6.31571,6.25082,6.17545,6.11183,6.05612,5.99612,5.94247,2.64954,2.40511,2.30301,2.30259,2.31379,2.32348,2.33789,2.35974,2.35373,-1,-1,-1,-1,-1,-1,-1,-1,-1,-1,-1,-1,-1,-1,-1,-1,-1,-1,-1,-1,-1,-1,-1
-1,-1,-1,-1,-1,-1,-1,-1,-1,-1,-1,-1,-1,-1,-1,-1,-1,-1,-1,-1,1.1799,2.26919,2.25733,2.24974,2.23239,2.22132,2.22437,2.21333,2.42141,-1,-1,7.35815,6.81569,6.82225,7.04488,6.95849,6.8616,6.76501,6.66357,6.57456,6.49757,6.41227,6.34762,6.26038,6.19423,6.13219,6.06439,6.02146,5.8052,2.58586,2.23261,2.25403,2.25104,2.2575,2.26763,2.29723,2.29788,2.31687,-1,-1,-1,-1,-1,-1,-1,-1,-1,-1,-1,-1,-1,-1,-1,-1,-1,-1,-1,-1,-1,-1
-1,-1,-1,-1,-1,-1,-1,-1,-1,-1,-1,-1,-1,-1,-1,-1,-1,-1,-1,-1,2.22485,2.20967,2.20638,2.18023,2.16953,2.1722,2.15344,2.14966,2.52951,-1,-1,7.30572,6.75288,6.76275,7.08035,6.95692,6.85325,6.75577,6.66629,6.56852,6.47649,6.40366,6.33051,6.25568,6.17796,6.11734,6.03996,5.98663,5.79658,2.53601,2.19995,2.18588,2.1955,2.20666,2.21353,2.21871,2.23294,2.25976,-1,-1,-1,-1,-1,-1,-1,-1,-1,-1,-1,-1,-1,-1,-1,-1,-1,-1,-1,-1,-1,-1
-1,-1,-1,-1,-1,-1,-1,-1,-1,-1,-1,-1,-1,-1,-1,-1,-1,-1,-1,0.0622223,2.16634,2.14771,2.15531,2.13572,2.12642,2.11864,2.11577,2.13181,2.48476,-1,-1,1.75221,6.69638,6.68524,4.47099,7.15804,7.08189,7.01812,6.90073,6.81947,6.72447,6.62623,6.54493,6.46943,6.39229,6.31206,6.24677,6.18099,1.26959,2.47301,2.19358,2.13429,2.1378,2.16368,2.1743,2.18029,2.19139,2.21776,0.0712952,-1,-1,-1,-1,-1,-1,-1,-1,-1,-1,-1,-1,-1,-1,-1,-1,-1,-1,-1,-1,-1
-1,-1,-1,-1,-1,-1,-1,-1,-1,-1,-1,-1,-1,-1,-1,-1,-1,-1,-1,2.09175,2.07385,2.06188,2.05264,2.04847,2.0265,2.02527,2.02795,2.24016,1.27734,-1,-1,-1,6.57906,6.57621,-1,-1,-1,-1,-1,-1,-1,-1,-1,6.59445,6.61784,6.62834,1.73488,-1,-1,2.3946,2.34954,2.04588,2.05392,2.05818,2.07431,2.08409,2.09884,2.10903,2.13257,-1,-1,-1,-1,-1,-1,-1,-1,-1,-1,-1,-1,-1,-1,-1,-1,-1,-1,-1,-1,-1
-1,-1,-1,-1,-1,-1,-1,-1,-1,-1,-1,-1,-1,-1,-1,-1,-1,-1,2.00514,1.99485,1.97834,1.97282,1.96712,1.96091,1.93962,1.94225,1.96966,2.6188,-1,-1,-1,-1,6.49298,6.47705,-1,-1,-1,-1,-1,-1,-1,-1,-1,6.53442,6.50425,6.52588,-1,-1,-1,-1,2.33192,2.01726,1.96252,1.97796,1.98475,2.00021,2.00119,2.01353,2.03763,2.05351,-1,-1,-1,-1,-1,-1,-1,-1,-1,-1,-1,-1,-1,-1,-1,-1,-1,-1,-1,-1
-1,-1,-1,-1,-1,-1,-1,-1,-1,-1,-1,-1,-1,-1,-1,-1,-1,1.93618,1.92101,1.91944,1.92028,1.90207,1.89821,1.9006,1.88085,1.87507,1.99519,2.7721,-1,-1,-1,-1,6.41794,6.39872,-1,-1,-1,-1,-1,-1,-1,-1,-1,6.50565,6.43366,6.4519,-1,-1,-1,-1,2.2732,2.0031,1.89639,1.89479,1.91438,1.9288,1.93492,1.94475,1.96144,1.97519,1.98351,-1,-1,-1,-1,-1,-1,-1,-1,-1,-1,-1,-1,-1,-1,-1,-1,-1,-1,-1
-1,-1,-1,-1,-1,-1,-1,-1,-1,-1,-1,-1,-1,-1,-1,-1,1.87182,1.87383,1.85131,1.84427,1.82979,1.8174,1.82591,1.81085,1.79803,1.85319,2.19263,1.51923,-1,-1,-1,6.35814,6.33375,6.3454,-1,-1,-1,-1,-1,-1,-1,-1,-1,6.47465,6.37198,6.37028,-1,-1,-1,-1,2.19131,2.20239,1.86197,1.82392,1.83996,1.83525,1.85509,1.86548,1.87119,1.89124,1.89882,-0.0307363,-1,-1,-1,-1,-1,-1,-1,-1,-1,-1,-1,-1,-1,-1,-1,-1,-1,-1
-1,-1,-1,-1,-1,-1,-1,-1,-1,-1,-1,-1,-1,-1,-1,0.887129,1.82127,1.80803,1.80005,1.77869,1.77831,1.77056,1.75483,1.73957,1.74129,1.85933,2.12971,-1,-1,-1,-1,6.30037,6.29506,6.28158,-1,-1,-1,-1,-1,-1,-1,-1,-1,1.48218,6.31938,6.31524,-1,-1,-1,-1,2.50243,2.11877,1.85357,1.77013,1.76772,1.77355,1.78265,1.80263,1.81023,1.81442,1.82564,1.8516,-1,-1,-1,-1,-1,-1,-1,-1,-1,-1,-1,-1,-1,-1,-1,-1,-1,-1
-1,-1,-1,-1,-1,-1,-1,-1,-1,-1,-1,-1,-1,-1,-1,1.78174,1.76759,1.75332,1.74446,1.73217,1.71264,1.72179,1.70044,1.69823,1.74047,2.08158,2.06778,-1,-1,-1,-1,6.26032,6.25136,6.25186,-1,-1,-1,-1,-1,-1,-1,-1,-1,-1,6.27137,6.28645,1.60942,-1,-1,-1,-1,2.07323,1.90693,1.70819,1.71102,1.71825,1.72542,1.74487,1.74854,1.75801,1.76921,1.78876,1.81529,-1,-1,-1,-1,-1,-1,-1,-1,-1,-1,-1,-1,-1,-1,-1,-1,-1
-1,-1,-1,-1,-1,-1,-1,-1,-1,-1,-1,-1,-1,-1,1.73163,1.71518,1.68813,1.68966,1.66369,1.66729,1.65755,1.63791,1.63966,1.63643,1.75552,2.00507,1.40006,-1,-1,-1,-1,6.2258,6.20809,6.19803,1.56732,4.14424,4.14577,6.70892,6.71528,6.70182,6.69836,6.67673,6.65074,6.62553,6.31942,6.32125,6.54145,6.33394,-1,-1,-1,2.00429,2.0088,1.70674,1.63735,1.65207,1.67208,1.66779,1.66979,1.69196,1.70018,1.72733,1.72279,0.827783,-1,-1,-1,-1,-1,-1,-1,-1,-1,-1,-1,-1,-1,-1,-1,-1
-1,-1,-1,-1,-1,-1,-1,-1,-1,-1,-1,-1,-1,1.66112,1.65236,1.63639,1.61167,1.60281,1.59818,1.59926,1.58759,1.58105,1.56585,1.65292,1.93094,1.93734,-1,-1,-1,6.24749,6.33459,6.29945,6.25775,6.21835,6.19356,6.16707,6.13792,6.11091,6.09561,6.07045,6.04252,6.03466,6.01846,6.01029,5.99624,5.9847,5.97753,5.96921,3.46516,-1,-1,1.94691,1.92533,1.6978,1.60076,1.57902,1.58025,1.59205,1.60661,1.60629,1.61969,1.63442,1.65018,1.6675,0.774961,-1,-1,-1,-1,-1,-1,-1,-1,-1,-1,-1,-1,-1,-1,-1
-1,-1,-1,-1,-1,-1,-1,-1,-1,-1,-1,-1,1.60082,1.58843,1.58194,1.56448,1.55867,1.54204,1.52812,1.5225,1.51353,1.50215,1.54922,1.87014,1.87077,2.42386,-1,-1,3.43835,5.91692,5.88959,5.87415,5.83849,5.82595,5.816,5.79391,5.77854,5.76761,5.75751,5.75196,5.73917,5.74089,5.74405,5.74764,5.75049,5.7441,5.732,5.75503,5.65992,-1,-1,1.29655,1.84791,1.86227,1.58404,1.50706,1.5221,1.52032,1.54137,1.54648,1.55295,1.56345,1.56962,1.59373,1.59812,0.728576,-1,-1,-1,-1,-1,-1,-1,-1,-1,-1,-1,-1,-1,-1
-1,-1,-1,-1,-1,-1,-1,-1,-1,-1,-0.153195,1.5396,1.5239,1.50674,1.49903,1.49506,1.48647,1.4648,1.46595,1.45352,1.44136,1.48078,1.641,1.79896,1.81076,-1,-1,-1,5.65919,5.72013,5.70651,5.69705,5.68877,5.67712,5.6736,5.66785,5.66177,5.65911,5.67498,5.67836,5.68256,5.69488,5.69176,5.69718,5.72556,5.73668,5.75519,5.76731,5.65589,-1,-1,-1,1.79613,1.79498,1.73204,1.47857,1.44729,1.45083,1.45895,1.47176,1.48218,1.49779,1.50601,1.50996,1.52219,1.53534,0.693291,-1,-1,-1,-1,-1,-1,-1,-1,-1,-1,-1,-1,-1
-1,-1,-1,-1,-1,-1,-1,-1,-1,1.49517,1.47727,1.46478,1.44414,1.43465,1.42526,1.4338,1.39933,1.40094,1.39427,1.39706,1.40519,1.49124,1.74973,1.72936,2.2752,-1,-1,-1,5.69804,5.91267,5.89038,5.88964,5.90393,5.892,5.89624,5.91123,5.91001,5.93003,5.93771,5.94787,5.973,5.98157,6.00335,6.02053,6.03706,6.06512,6.09725,6.12647,-1,-1,-1,-1,2.25324,1.73996,1.74328,1.48091,1.40008,1.37405,1.38321,1.39098,1.41292,1.41315,1.4345,1.43735,1.4435,1.45883,1.46366,1.49579,-1,-1,-1,-1,-1,-1,-1,-1,-1,-1,-1,-1
-1,-1,-1,-1,-1,-1,-1,0.610116,1.40816,1.37733,1.37075,1.36725,1.34996,1.33543,1.32929,1.31771,1.30537,1.29868,1.29097,1.34667,1.49547,1.65715,1.64982,2.13466,-1,-1,-1,-1,-1,6.31185,6.41355,5.85798,5.84702,6.37518,6.3647,3.91722,3.91013,3.90921,1.46398,1.44942,1.45386,1.45429,1.45245,-1,5.8522,5.85306,-1,-1,-1,-1,-1,-1,1.16323,1.80225,1.64588,1.66337,1.38967,1.32518,1.29445,1.28576,1.30825,1.30843,1.3218,1.33139,1.34123,1.35221,1.37161,1.37747,1.39155,0.603781,-1,-1,-1,-1,-1,-1,-1,-1,-1,-1
-1,-1,-1,-1,-1,-0.221003,1.36127,1.34181,1.32083,1.3065,1.30778,1.28349,1.2606,1.27152,1.25586,1.24022,1.23796,1.22328,1.2747,1.43169,1.60285,1.60171,1.87464,2.14112,-1,-1,-1,-1,-1,-1,-1,5.78282,5.76126,-1,-1,-1,-1,-1,-1,-1,-1,-1,-1,-1,5.75474,5.77181,-1,-1,-1,-1,-1,-1,-1,2.08663,1.58641,1.58815,1.59805,1.30731,1.24709,1.21795,1.2267,1.23475,1.25298,1.24701,1.25558,1.27971,1.30077,1.29448,1.30261,1.32341,1.33653,-1,-1,-1,-1,-1,-1,-1,-1,-1
-1,-1,-1,-1,1.30267,1.27576,1.26842,1.25449,1.24272,1.23066,1.22005,1.20991,1.18902,1.18749,1.18361,1.16374,1.17017,1.21764,1.36565,1.54414,1.5325,1.52591,2.012,-1,-1,-1,-1,-1,-1,-1,5.72631,5.70742,5.69941,-1,-1,-1,-1,-1,-1,-1,-1,-1,-1,-1,5.68393,5.70035,-1,-1,-1,-1,-1,-1,-1,2.08037,1.9595,1.5252,1.5273,1.54002,1.24741,1.18625,1.14973,1.17179,1.17535,1.17923,1.18796,1.19993,1.20732,1.22374,1.23335,1.25222,1.2694,1.28144,0.513009,-1,-1,-1,-1,-1,-1,-1
-1,-1,0.49193,1.2394,1.22758,1.20779,1.19363,1.17638,1.1682,1.161,1.14641,1.14747,1.12947,1.11152,1.10566,1.1366,1.17503,1.40422,1.48789,1.47519,1.46717,1.90399,2.018,-1,-1,-1,-1,-1,-1,-1,5.64954,5.63613,5.61526,-1,-1,-1,-1,-1,-1,-1,-1,-1,-1,-1,5.61331,5.63886,5.62925,-1,-1,-1,-1,-1,-1,-1,1.94281,1.45139,1.45192,1.46499,1.47939,1.18525,1.13505,1.09194,1.10242,1.10333,1.11391,1.12468,1.13624,1.15195,1.1507,1.1731,1.19285,1.19938,1.21537,1.22513,-0.258386,-1,-1,-1,-1,-1
1.18449,1.1725,1.15317,1.12411,1.12216,1.10503,1.10345,1.08326,1.07282,1.07205,1.05253,1.04437,1.03239,1.04028,1.0922,1.13369,1.41685,1.4086,1.40018,1.40006,1.80826,1.91455,-1,-1,-1,-1,-1,-1,-1,-1,5.56747,5.55103,5.54493,-1,-1,-1,-1,-1,-1,-1,-1,-1,-1,-1,5.53223,5.53422,5.56527,-1,-1,-1,-1,-1,-1,-1,1.94516,1.82951,1.37333,1.38749,1.40002,1.41303,1.1377,1.0892,1.04728,1.03064,1.03315,1.04124,1.05753,1.05471,1.06792,1.08904,1.08917,1.10133,1.11648,1.13083,1.14393,1.16211,-0.278459,-1,-1,-1
1.08159,1.06592,1.05742,1.03677,1.02628,1.00652,1.00923,0.989461,0.984762,0.980867,0.966079,0.973128,1.01085,1.04486,1.27959,1.34035,1.34574,1.3294,1.3223,1.72327,1.81521,-0.0189514,-1,-1,-1,-1,-1,-1,-1,-1,5.497,5.46205,5.45822,-1,-1,-1,-1,-1,-1,-1,-1,-1,-1,-1,5.45664,5.46957,5.47373,-1,-1,-1,-1,-1,-1,-1,-1,1.82609,1.71881,1.30345,1.30976,1.31121,1.33458,1.24971,1.02886,0.995024,0.96881,0.94449,0.963151,0.97772,0.980276,1.0046,1.00869,1.01777,1.02424,1.04509,1.0527,1.06276,1.07498,1.08527,0.401539,-1
1.0159,0.993742,0.983545,0.985571,0.966947,0.966113,0.941607,0.928785,0.916654,0.92241,0.948358,0.98236,1.01894,1.29303,1.28507,1.26477,1.27018,1.27587,1.63975,1.72607,0.888736,-1,-1,0.614878,0.640043,0.650287,0.651682,0.65573,0.659008,0.66898,4.95921,4.95675,4.96954,0.696285,0.702089,0.718009,0.729203,0.731284,0.743066,0.751042,0.762959,0.776184,0.785755,0.803224,5.0849,5.1015,5.12741,0.873794,0.883274,0.902719,0.884929,-1,-1,-1,-1,0.889617,1.72149,1.63804,1.24329,1.25074,1.27217,1.26631,1.27802,0.984855,0.949973,0.926432,0.8888,0.89079,0.90366,0.928675,0.93883,0.946217,0.948549,0.970485,0.9856,0.988649,1.01048,1.01785,1.03537,1.05424
1.63413,1.68139,1.71393,1.75065,1.79489,1.83817,1.89089,1.94946,1.8216,1.50692,1.483,1.47152,1.45101,1.45051,1.42028,1.41845,1.39924,1.38791,1.38833,1.41871,1.49551,2.20516,2.50682,2.48649,2.4937,2.47475,2.46052,2.46659,2.44561,2.43342,2.42318,2.43001,2.41557,2.42457,2.41442,2.41105,2.41178,2.42062,2.41149,2.40162,2.40925,2.40711,2.40909,2.41727,2.41704,2.42993,2.43725,2.43897,2.44152,2.46265,2.44647,2.48012,2.4708,2.49439,1.83708,1.40104,1.32945,1.31245,1.3255,1.3267,1.33299,1.34647,1.35684,1.35482,1.36518,1.37237,1.39687,1.41171,1.739,1.58737,1.55559,1.53015,1.49726,1.47728,1.44766,1.42608,1.41137,1.51801,1.49761,1.45625
1.60766,1.64351,1.69281,1.72001,1.77219,1.81334,1.86692,1.92805,1.96867,2.04061,2.11406,1.99811,1.83993,1.65547,1.65434,1.61452,1.61993,1.61313,1.58274,1.57191,1.57104,1.56905,1.62792,1.96279,2.43278,2.42412,2.41406,2.40745,2.39498,2.39647,2.37449,2.37813,2.36796,2.36179,2.37002,2.36395,2.36382,2.35513,2.37039,2.36051,2.35977,2.36549,2.37247,2.3743,2.37134,2.37467,2.38303,2.38946,2.39447,2.40555,2.41044,2.42068,2.21902,1.64792,1.55772,1.53724,1.55921,1.55832,1.55898,1.5826,1.59705,1.59472,1.60209,1.62782,1.81857,2.15028,2.07848,2.01911,1.96159,1.88344,1.83696,1.7877,1.73752,1.6931,1.66169,1.6148,1.57669,1.54513,1.51656,1.4931
1.60548,1.65628,1.68251,1.72225,1.77232,1.8192,1.86937,1.92417,1.97924,2.03299,2.10349,2.16702,2.26057,2.33706,2.21341,1.85526,1.83372,1.81739,1.80879,1.78951,1.78696,1.77005,1.75587,1.76289,1.83968,2.1105,2.36384,2.36052,2.33991,2.33926,2.34222,2.33013,2.32079,2.30393,2.31914,2.31546,2.31931,2.30212,2.31183,2.30961,2.3139,2.30741,2.31966,2.32472,2.32154,2.33669,2.31878,2.34327,2.34335,2.35833,2.35863,2.06338,1.76695,1.70148,1.70785,1.71276,1.72971,1.7322,1.74861,1.76467,1.76454,1.78282,2.1796,2.30538,2.21955,2.14563,2.08615,2.01122,1.9536,1.89973,1.8395,1.77796,1.74007,1.69547,1.65393,1.61996,1.57815,1.54622,1.52046,1.47017
1.59701,1.63887,1.68258,1.71553,1.75833,1.8057,1.84854,1.9008,1.9649,2.01368,2.08351,2.15752,2.22582,2.30975,2.39086,2.45187,2.44098,2.28048,2.06211,2.05261,2.03417,2.02026,2.01438,2.00061,1.98521,1.9828,2.08044,2.27975,2.29026,2.28116,2.26816,2.25981,2.26566,2.2515,2.25504,2.24901,2.26055,2.24909,2.24248,2.25146,2.24689,2.24958,2.2415,2.25329,2.26029,2.25899,2.26381,2.27371,2.28222,2.28319,2.12445,1.97172,1.959,1.96345,1.9752,1.97337,1.98011,1.98923,2.00754,2.12759,2.42673,2.44293,2.43317,2.35084,2.24468,2.17261,2.10622,2.03096,1.96935,1.91257,1.85313,1.80636,1.7543,1.71401,1.67125,1.62471,1.59007,1.55342,1.52404,1.49533
1.59128,1.62393,1.65439,1.69302,1.73024,1.78554,1.82687,1.88269,1.94182,1.99786,2.04578,2.13601,2.20105,2.28388,2.37073,2.4692,2.57429,2.66931,2.80104,2.93946,3.09654,3.26629,3.45453,3.67931,3.92039,4.20046,4.51699,4.89523,5.36683,5.75221,5.73509,5.7173,5.70649,5.69611,5.68267,5.67786,5.67749,5.66003,5.65698,5.67736,5.66822,5.67521,5.67798,5.68034,5.69305,5.69708,5.71534,5.72941,5.74345,5.40467,4.94809,4.55207,4.2137,3.93109,3.68366,3.46438,3.25591,3.09403,2.94208,2.80244,2.68234,2.56343,2.46306,2.36382,2.27545,2.19914,2.11931,2.05492,1.9898,1.93302,1.87999,1.83388,1.78484,1.73726,1.68693,1.6435,1.6064,1.5617,1.53997,1.50833
1.58203,1.61708,1.64529,1.70166,1.73888,1.78583,1.83769,1.87794,1.93298,1.99655,2.05169,2.13191,2.20552,2.28102,2.35955,2.46895,2.55935,2.66853,2.80555,2.93531,3.09854,3.25841,3.44268,3.66818,3.9168,4.18678,4.51171,4.88849,5.34599,5.71098,5.70247,5.68633,5.67724,5.66665,5.65277,5.64002,5.63889,5.63503,5.63526,5.63183,5.63666,5.63699,5.64008,5.65127,5.66614,5.67114,5.68244,5.69135,5.71196,5.4239,4.95756,4.57331,4.22511,3.9362,3.68435,3.45402,3.26887,3.10692,2.95367,2.81621,2.67362,2.56045,2.4709,2.37456,2.27797,2.19722,2.12102,2.05869,1.99699,1.93229,1.8771,1.82223,1.77506,1.73715,1.69002,1.6367,1.61203,1.57766,1.53217,1.50714
1.56683,1.59845,1.63299,1.67485,1.73134,1.75968,1.80506,1.86744,1.90419,1.95612,2.02422,2.0972,2.17142,2.25343,2.34228,2.42297,2.52202,2.63307,2.76124,2.88961,3.03835,3.20625,3.38881,3.59088,3.83108,4.10313,4.41649,4.79833,5.21035,5.68102,5.66638,5.65356,5.64476,5.63988,5.63464,5.60147,5.60129,5.60771,5.59807,5.60607,5.60096,5.60715,5.59515,5.62057,5.61656,5.63679,5.6496,5.66169,5.66943,5.55618,5.07848,4.65331,4.31013,4.0119,3.74244,3.52332,3.32236,3.1443,2.9943,2.85266,2.72568,2.6076,2.49551,2.39855,2.31585,2.2258,2.15217,2.08457,2.02969,1.94177,1.89984,1.85298,1.80445,1.75522,1.70189,1.66992,1.62464,1.58941,1.55531,1.52319
1.55483,1.60054,1.64046,1.66751,1.71969,1.76434,1.8105,1.85758,1.91379,1.97491,2.03162,2.09418,2.16152,2.24515,2.32861,2.42751,2.51963,2.63715,2.75721,2.87299,3.03019,3.19515,3.36691,3.57978,3.81289,4.07931,4.38769,4.76211,5.18361,5.66275,5.63145,5.62692,5.62061,5.61143,5.59518,5.58372,5.58401,5.58197,5.5885,5.57245,5.58292,5.57509,5.57852,5.58607,5.59731,5.60675,5.61622,5.62876,5.64264,5.59923,5.09987,4.68437,4.33917,4.02465,3.75947,3.54666,3.34208,3.16319,2.9982,2.86472,2.72507,2.60496,2.5019,2.40868,2.31347,2.24631,2.15104,2.07661,2.01989,1.95696,1.90565,1.85565,1.80292,1.75341,1.70784,1.68044,1.63695,1.59855,1.56173,1.51922
1.56061,1.5834,1.62015,1.67287,1.7143,1.75279,1.80502,1.85024,1.90299,1.9597,2.02478,2.08205,2.16193,2.24191,2.32474,2.41336,2.5058,2.62,2.74041,2.87703,3.01373,3.16692,3.35462,3.56983,3.78992,4.05456,4.37468,4.71709,5.16103,5.63186,5.61392,5.61023,5.59046,5.58416,5.57652,5.56998,5.55748,5.55007,5.55396,5.549,5.55496,5.55883,5.56437,5.57516,5.57905,5.5747,5.59741,5.6002,5.62078,5.63132,5.14582,4.71617,4.36307,4.05937,3.78376,3.56715,3.35266,3.18037,3.02285,2.87459,2.73673,2.62969,2.52605,2.41879,2.32972,2.24424,2.1703,2.09686,2.0268,1.96981,1.90654,1.85789,1.81517,1.76569,1.71181,1.67519,1.63846,1.59437,1.56695,1.53394
1.54042,1.57908,1.62276,1.6526,1.69699,1.74607,1.79394,1.84268,1.88997,1.94888,2.00492,2.07631,2.14557,2.22466,2.3034,2.40153,2.49328,2.5964,2.71801,2.8398,2.97901,3.14348,3.316,3.52229,3.74971,4.00882,4.32527,4.6628,5.08702,5.57899,5.59003,5.58388,5.56699,5.56341,5.55918,5.53268,5.54463,5.5364,5.52761,5.51495,5.52324,5.52554,5.53236,5.53194,5.54804,5.55688,5.56298,5.57639,5.60069,5.61956,5.21093,4.78505,4.41441,4.08959,3.82908,3.60842,3.39593,3.21527,3.05563,2.89712,2.77835,2.66155,2.54716,2.43021,2.33884,2.25424,2.18352,2.11746,2.04935,1.98473,1.93054,1.87294,1.82932,1.77744,1.72962,1.68651,1.6475,1.60324,1.58379,1.54188
1.54476,1.56878,1.61106,1.64979,1.68337,1.72707,1.77652,1.82105,1.87702,1.93151,1.991,2.05266,2.12633,2.19982,2.29528,2.37089,2.48455,2.57925,2.68707,2.81484,2.95778,3.10227,3.29056,3.48553,3.71104,3.96352,4.25656,4.60911,5.02501,5.48925,5.57205,5.55922,5.54419,5.52598,5.52142,5.51425,5.51208,5.49908,5.50579,5.50283,5.49358,5.5138,5.50503,5.50764,5.51092,5.53053,5.53791,5.55308,5.5676,5.56274,5.29687,4.84054,4.48193,4.15203,3.8782,3.65017,3.43251,3.24275,3.08085,2.92883,2.78899,2.67683,2.5446,2.45579,2.35391,2.27502,2.2006,2.12396,2.06296,1.99213,1.94699,1.88088,1.82776,1.77783,1.73273,1.70108,1.65654,1.61923,1.58191,1.5615
1.51833,1.56389,1.59576,1.61929,1.67316,1.70329,1.76632,1.80872,1.85633,1.91612,1.96266,2.03446,2.11779,2.19105,2.25566,2.34463,2.44337,2.54084,2.66087,2.78943,2.91615,3.06578,3.25184,3.43815,3.65599,3.90881,4.19677,4.52989,4.92537,5.39483,5.54107,5.53172,5.52182,5.50295,5.49182,5.49342,5.48046,5.47471,5.47294,5.47364,5.47906,5.47663,5.47863,5.48684,5.49526,5.49587,5.51985,5.52944,5.55179,5.55067,5.37968,4.9167,4.54336,4.2234,3.93365,3.68734,3.47149,3.28072,3.11476,2.96471,2.81836,2.69337,2.59297,2.485,2.38753,2.30053,2.21507,2.15557,2.08214,2.01384,1.95885,1.90469,1.83867,1.7974,1.75173,1.71074,1.66746,1.63853,1.5959,1.56974
1.51424,1.55622,1.59544,1.63086,1.65825,1.7087,1.7578,1.80261,1.85332,1.89127,1.95604,2.01796,2.09383,2.16691,2.23789,2.33934,2.42196,2.51729,2.64213,2.75455,2.89741,3.04292,3.21516,3.39957,3.60853,3.86954,4.14534,4.47156,4.85944,5.31882,5.53492,5.52027,5.49175,5.48246,5.47466,5.46657,5.46888,5.44901,5.45574,5.45399,5.46437,5.45592,5.44816,5.46188,5.47208,5.47677,5.49235,5.50098,5.50968,5.53335,5.45276,4.98021,4.59381,4.27587,3.97385,3.7255,3.50769,3.31874,3.13664,2.98353,2.85088,2.72211,2.60633,2.49865,2.40671,2.31142,2.24611,2.14929,2.09462,2.03042,1.97219,1.91474,1.86353,1.8138,1.76789,1.72121,1.67937,1.639,1.61877,1.57275
1.52748,1.557,1.58538,1.62181,1.671,1.70543,1.76363,1.80112,1.85853,1.91161,1.97578,2.03753,2.10444,2.1799,2.25349,2.34664,2.44012,2.54404,2.65944,2.76786,2.91479,3.06878,3.24036,3.43336,3.65523,3.89717,4.18777,4.52462,4.92487,5.39011,5.50597,5.48855,5.47369,5.46626,5.45296,5.44745,5.43707,5.4211,5.434,5.43973,5.43119,5.43943,5.43242,5.44185,5.45037,5.46228,5.47305,5.47635,5.49295,5.50746,5.39259,4.93735,4.54854,4.22598,3.94385,3.69363,3.48229,3.29125,3.11842,2.97042,2.82353,2.70833,2.57795,2.4934,2.39983,2.30796,2.21459,2.14883,2.0856,2.00941,1.96466,1.90216,1.85138,1.80082,1.758,1.71081,1.67052,1.6428,1.60898,1.55982
1.59553,1.62531,1.65057,1.69761,1.74301,1.78808,1.83226,1.8853,1.95283,2.00305,2.06368,2.13279,2.20973,2.2937,2.3868,2.4711,2.58261,2.69438,2.81661,2.95377,3.09407,3.26567,3.47371,3.67877,3.92217,4.2124,4.54722,4.91718,5.38021,5.47994,5.47427,5.46019,5.45257,5.43882,5.42801,5.4231,5.4206,5.41507,5.40916,5.41338,5.40928,5.41601,5.42595,5.42145,5.43418,5.44543,5.46266,5.46619,5.47909,5.38504,4.91861,4.53449,4.20188,3.91559,3.66686,3.45052,3.2566,3.08561,2.92517,2.7994,2.66719,2.55573,2.45459,2.36341,2.26818,2.19364,2.12352,2.04205,1.99018,1.92144,1.87681,1.81466,1.76581,1.71497,1.67774,1.64001,1.60344,1.56786,1.5365,1.49754
1.58899,1.62629,1.65857,1.69348,1.74293,1.79495,1.82958,1.88602,1.93161,2.00074,2.06552,2.11932,2.21644,2.29199,2.37338,2.46485,2.5648,2.69044,2.80901,2.95061,3.0929,3.26168,3.46266,3.67689,3.91256,4.18919,4.52395,4.89832,5.36078,5.42824,5.41554,5.4057,5.38858,5.38359,5.36862,5.35913,5.36524,5.3551,5.35815,5.35676,5.36012,5.37737,5.37062,5.38327,5.38951,5.39818,5.40636,5.42664,5.44685,5.40786,4.95629,4.55145,4.21876,3.93346,3.69063,3.46217,3.2702,3.09049,2.9368,2.8037,2.67476,2.56773,2.45638,2.36359,2.28125,2.19506,2.1204,2.0431,1.9924,1.92598,1.87887,1.81702,1.78474,1.74105,1.68327,1.63753,1.60397,1.55628,1.54109,1.50603
1.56225,1.59908,1.62785,1.68507,1.71803,1.7622,1.80606,1.86017,1.91967,1.98175,2.04569,2.09533,2.17013,2.25743,2.34239,2.42344,2.52259,2.64583,2.75467,2.89266,3.05167,3.20346,3.38647,3.59387,3.82899,4.09914,4.40778,4.78953,5.14924,5.15162,5.14397,5.13273,5.11768,5.10075,5.09772,5.09555,5.09272,5.08477,5.07995,5.08354,5.08849,5.09021,5.08267,5.10232,5.10557,5.11734,5.13262,5.15072,5.15561,5.16996,5.08109,4.66699,4.31909,4.01318,3.7559,3.52251,3.32611,3.14548,3.00373,2.85902,2.72271,2.60899,2.50064,2.38983,2.31441,2.23086,2.15448,2.08909,2.02077,1.96049,1.90142,1.84726,1.80492,1.74132,1.70823,1.65692,1.61874,1.58658,1.5683,1.52622
1.55533,1.57982,1.62757,1.67165,1.69854,1.74196,1.78372,1.84124,1.9034,1.9557,2.00786,2.07534,2.1578,2.22464,2.30527,2.40074,2.50146,2.60991,2.72906,2.86251,2.9922,3.15706,3.34059,3.53315,3.77847,4.04362,4.33869,4.69855,4.81178,4.80458,4.78843,4.7724,4.763,4.74477,4.74541,4.73239,4.72772,4.72442,4.72108,4.72271,4.73391,4.73785,4.74166,4.73737,4.73774,4.75055,4.76738,4.77244,4.78663,4.79788,4.80994,4.74667,4.38206,4.09167,3.81491,3.57649,3.37262,3.19245,3.02883,2.8888,2.74702,2.63411,2.53647,2.42899,2.33346,2.26023,2.18118,2.09902,2.04009,1.97576,1.91436,1.8637,1.81797,1.76933,1.7166,1.68899,1.64478,1.61605,1.57692,1.54027
1.54405,1.57624,1.6078,1.6456,1.68662,1.74118,1.78831,1.83691,1.88442,1.94519,2.00174,2.069,2.13567,2.21471,2.30402,2.38736,2.48516,2.60025,2.71424,2.84113,2.96536,3.13708,3.31635,3.51123,3.74444,3.99369,4.30558,4.61396,4.59381,4.57575,4.56207,4.54501,4.53869,4.52974,4.53819,4.52129,4.51528,4.51246,4.50634,4.50682,4.50858,4.51335,4.51926,4.50905,4.5209,4.52584,4.54356,4.5657,4.574,4.57201,4.58839,4.61358,4.42441,4.12705,3.84198,3.61402,3.40881,3.22083,3.05057,2.9054,2.7788,2.6512,2.54961,2.44289,2.368,2.25579,2.19368,2.11745,2.05371,1.99252,1.92909,1.87479,1.81217,1.76905,1.72556,1.68156,1.63805,1.62184,1.5805,1.53865
1.54632,1.56678,1.61114,1.65201,1.70627,1.73901,1.78217,1.84155,1.89114,1.94197,2.00423,2.06935,2.12592,2.21555,2.28743,2.37958,2.47803,2.59019,2.696,2.82302,2.96601,3.12785,3.31019,3.50316,3.72768,3.99375,4.2697,4.32796,4.31616,4.30296,4.29178,4.27928,4.2716,4.26535,4.24283,4.26015,4.24079,4.23713,4.23688,4.23592,4.24908,4.25387,4.25288,4.25206,4.26617,4.2745,4.27992,4.28514,4.29865,4.31438,4.32635,4.3471,4.36391,4.13629,3.85817,3.61937,3.41096,3.22282,3.06577,2.90948,2.78405,2.65676,2.5458,2.45503,2.35079,2.27799,2.18415,2.11982,2.05421,1.99684,1.93646,1.87698,1.80943,1.78123,1.73464,1.68955,1.64738,1.60636,1.56819,1.54325
1.52265,1.55185,1.5827,1.62876,1.66951,1.7099,1.7523,1.79924,1.84717,1.89891,1.96213,2.02059,2.09012,2.16925,2.2521,2.33886,2.42778,2.52774,2.64469,2.7697,2.90662,3.07067,3.2297,3.42804,3.63951,3.89054,4.12943,4.11535,4.0868,4.08612,4.05852,4.06078,4.04382,4.03631,4.02414,4.02822,4.02856,4.0143,4.01351,4.00331,4.00862,4.00277,4.00917,4.0173,4.0135,4.02781,4.03417,4.03667,4.05636,4.06132,4.07343,4.08693,4.10937,4.1273,3.95048,3.70562,3.49461,3.30788,3.12651,2.96676,2.83879,2.71306,2.59752,2.50842,2.40181,2.3163,2.22986,2.15223,2.08989,2.02745,1.96169,1.91124,1.8556,1.81015,1.76975,1.72696,1.67918,1.64439,1.59435,1.5702
1.51676,1.54487,1.58817,1.62565,1.65775,1.71369,1.75129,1.7857,1.84708,1.90038,1.95614,2.0175,2.08284,2.15563,2.24718,2.32236,2.42652,2.52992,2.63278,2.76259,2.88972,3.03943,3.19817,3.38913,3.61154,3.85456,3.8808,3.86443,3.85224,3.85197,3.82462,3.81447,3.79982,3.8032,3.7924,3.79154,3.77941,3.77367,3.77443,3.7681,3.79295,3.77443,3.78116,3.77818,3.79444,3.79225,3.80066,3.80637,3.81154,3.82543,3.83585,3.84734,3.86058,3.87675,3.89807,3.73538,3.51276,3.32245,3.15324,2.98896,2.85916,2.72817,2.61533,2.50533,2.4217,2.32876,2.24117,2.16736,2.10043,2.02746,1.96,1.92986,1.87338,1.79926,1.76659,1.72171,1.6828,1.64583,1.61534,1.57973
1.50503,1.53013,1.57963,1.61201,1.64538,1.68469,1.73557,1.77833,1.82628,1.89175,1.94111,2.00385,2.07432,2.14962,2.21492,2.31088,2.40028,2.49574,2.59774,2.7268,2.86079,3.01892,3.17702,3.35254,3.56795,3.77135,3.76244,3.74463,3.72371,3.72154,3.71602,3.68811,3.69253,3.67683,3.66297,3.66846,3.66787,3.64994,3.65044,3.65817,3.65205,3.65565,3.65488,3.6685,3.67632,3.66883,3.68627,3.6908,3.70381,3.71132,3.73133,3.7465,3.75374,3.75336,3.78868,3.77423,3.54283,3.3615,3.17087,3.01973,2.88107,2.75762,2.63676,2.51524,2.43366,2.33641,2.25249,2.18795,2.11223,2.04165,1.99084,1.92528,1.86656,1.82476,1.77706,1.73244,1.68082,1.65498,1.61343,1.57794
1.47395,1.50531,1.54796,1.57911,1.62577,1.66265,1.70214,1.7407,1.79449,1.84116,1.89934,1.97247,2.02601,2.08483,2.16885,2.24461,2.34047,2.44062,2.54138,2.65199,2.77733,2.91014,3.07056,3.2494,3.45133,3.68789,3.83936,3.80998,3.80495,3.79465,3.77632,3.7621,3.74988,3.74388,3.73539,3.72387,3.71687,3.71576,3.71286,3.70607,3.71472,3.70608,3.70284,3.71937,3.73367,3.73474,3.74174,3.74046,3.74252,3.75794,3.7614,3.79737,3.79992,3.80427,3.83227,3.84931,3.67318,3.47375,3.28202,3.10771,2.96534,2.83585,2.71033,2.5848,2.49925,2.39919,2.31727,2.23696,2.16573,2.09412,2.02236,1.97099,1.92357,1.87532,1.82397,1.77385,1.72795,1.68789,1.65882,1.62391
1.47217,1.50794,1.53797,1.56201,1.62583,1.65968,1.6885,1.74659,1.78787,1.84305,1.88858,1.95158,2.02169,2.08067,2.17231,2.242,2.34465,2.4444,2.53935,2.65374,2.77953,2.91983,3.0717,3.25037,3.45103,3.66509,3.89025,3.88331,3.86284,3.85691,3.85113,3.83202,3.81621,3.8086,3.79214,3.78496,3.79295,3.78015,3.77766,3.77252,3.77492,3.77685,3.77633,3.78263,3.78692,3.80182,3.80796,3.80435,3.83275,3.82246,3.83787,3.84897,3.85682,3.87668,3.9013,3.90336,3.6671,3.46275,3.27437,3.10279,2.96078,2.83164,2.7076,2.59023,2.50134,2.40208,2.31636,2.23553,2.16287,2.10666,2.02948,1.97383,1.9104,1.86191,1.81173,1.77339,1.73351,1.68949,1.64845,1.60647
1.52023,1.55774,1.58786,1.63012,1.67145,1.69743,1.74907,1.79368,1.84897,1.91125,1.9725,2.024,2.09919,2.168,2.24878,2.33349,2.42567,2.53353,2.65096,2.78441,2.90392,3.061,3.23311,3.43535,3.66025,3.82155,3.7987,3.79217,3.79234,3.76691,3.74686,3.73954,3.72732,3.71821,3.71835,3.71946,3.70254,3.71015,3.70094,3.70888,3.70706,3.70682,3.70303,3.70668,3.71941,3.72481,3.72711,3.72412,3.73644,3.76106,3.77538,3.78561,3.80238,3.81007,3.83759,3.69683,3.47981,3.28699,3.12029,2.97242,2.83354,2.7138,2.59264,2.48928,2.40603,2.32229,2.23233,2.15346,2.09144,2.01831,1.96652,1.90591,1.85187,1.80281,1.75734,1.71055,1.67101,1.63883,1.604,1.57309
1.53217,1.56722,1.59616,1.62956,1.67308,1.72435,1.77028,1.80954,1.86104,1.90602,1.96997,2.04093,2.10826,2.19038,2.27265,2.35102,2.44848,2.55059,2.65677,2.79204,2.927,3.09233,3.25938,3.4542,3.67675,3.79893,3.79052,3.76094,3.75328,3.74008,3.71967,3.72063,3.71385,3.70466,3.70303,3.68887,3.69061,3.68212,3.68745,3.68078,3.68875,3.69411,3.69128,3.68513,3.68777,3.6893,3.70591,3.71522,3.73275,3.73435,3.74524,3.75553,3.77761,3.79156,3.81194,3.66904,3.45948,3.26418,3.10833,2.96078,2.81698,2.68578,2.57698,2.47304,2.38324,2.29105,2.21242,2.15473,2.0888,2.00972,1.94806,1.90364,1.84439,1.80587,1.74944,1.71568,1.65992,1.62363,1.59871,1.56216
1.52162,1.56189,1.59185,1.62496,1.67713,1.71788,1.75556,1.81866,1.85972,1.92268,1.98149,2.03234,2.12189,2.18453,2.26679,2.35519,2.45543,2.55541,2.67392,2.80027,2.93417,3.08728,3.27023,3.45767,3.68631,3.77771,3.75076,3.73057,3.72095,3.71092,3.69974,3.68753,3.67617,3.66823,3.66665,3.67279,3.65284,3.65582,3.64902,3.65509,3.64969,3.65559,3.65304,3.65777,3.66301,3.67263,3.67021,3.69024,3.69395,3.70121,3.72001,3.72762,3.74153,3.7592,3.77695,3.66942,3.45507,3.26149,3.08679,2.95501,2.80637,2.69547,2.57003,2.46956,2.38551,2.3037,2.22656,2.13555,2.06621,2.01089,1.94105,1.896,1.83774,1.79606,1.75204,1.71209,1.66896,1.62897,1.59947,1.56909
1.5301,1.56587,1.60276,1.64433,1.66084,1.71939,1.75988,1.81646,1.87034,1.92703,1.99245,2.05253,2.11004,2.1902,2.27028,2.35056,2.44992,2.551,2.67544,2.79598,2.92744,3.09643,3.26122,3.46654,3.68139,3.71737,3.70866,3.68919,3.67386,3.66447,3.6656,3.64162,3.62949,3.63635,3.62051,3.6177,3.61052,3.60854,3.60293,3.59752,3.60512,3.60959,3.6051,3.6165,3.61637,3.62581,3.62666,3.63144,3.65082,3.65545,3.67634,3.67888,3.6859,3.7151,3.72039,3.65731,3.45026,3.27073,3.10118,2.94838,2.80918,2.68368,2.57706,2.47125,2.38086,2.29218,2.20978,2.14077,2.0743,2.00476,1.95211,1.89351,1.84702,1.80459,1.7513,1.7047,1.66098,1.62989,1.59527,1.56167
1.52261,1.56691,1.60166,1.63374,1.67246,1.72281,1.77069,1.81087,1.87012,1.91373,1.97458,2.04691,2.12341,2.19484,2.27252,2.35506,2.45123,2.55085,2.66796,2.79612,2.94013,3.08657,3.26238,3.45621,3.69059,3.67927,3.67637,3.65162,3.64087,3.63906,3.60917,3.60758,3.60687,3.59242,3.59966,3.57682,3.58102,3.58285,3.57081,3.58393,3.56994,3.57391,3.5774,3.58458,3.58472,3.59455,3.59674,3.60571,3.61723,3.63851,3.63656,3.6471,3.66016,3.6831,3.7067,3.65572,3.45036,3.26558,3.0868,2.93405,2.80179,2.69674,2.58246,2.46876,2.38582,2.28973,2.21506,2.1462,2.0737,2.00209,1.95173,1.8992,1.84868,1.78994,1.74708,1.71719,1.67726,1.63479,1.5907,1.56464
1.52941,1.58077,1.59833,1.6392,1.67351,1.72423,1.76513,1.82051,1.86096,1.9171,1.98829,2.04107,2.10417,2.185,2.27323,2.36342,2.44735,2.55576,2.67351,2.79895,2.93392,3.09208,3.28078,3.46224,3.68098,3.67867,3.65309,3.65078,3.63631,3.63081,3.61199,3.60992,3.59337,3.58745,3.57962,3.57294,3.55857,3.57851,3.57153,3.56884,3.56583,3.57504,3.5708,3.57646,3.586,3.59227,3.58871,3.59133,3.61137,3.61991,3.64243,3.64755,3.6532,3.6828,3.68848,3.66473,3.45561,3.26206,3.09538,2.94274,2.79653,2.70064,2.57533,2.47349,2.38127,2.28902,2.21901,2.13976,2.06908,2.01101,1.93854,1.89292,1.83963,1.78187,1.74957,1.71559,1.67437,1.62909,1.59523,1.56026
1.53705,1.56292,1.6012,1.63379,1.67683,1.72708,1.76848,1.82467,1.86557,1.93402,1.97779,2.05196,2.11365,2.19133,2.25976,2.36126,2.46465,2.56356,2.67591,2.80072,2.93725,3.08912,3.27095,3.46034,3.67781,3.71333,3.70164,3.68135,3.66781,3.65769,3.63824,3.61828,3.62884,3.62191,3.61252,3.61075,3.60374,3.60065,3.59786,3.60003,3.60103,3.61456,3.61103,3.61517,3.60225,3.61316,3.63916,3.6355,3.65007,3.65865,3.66834,3.68558,3.69132,3.71066,3.72399,3.65474,3.45095,3.26379,3.09228,2.95349,2.80366,2.68948,2.57672,2.46023,2.38015,2.30056,2.21212,2.13549,2.07239,2.00566,1.94297,1.88461,1.84711,1.79902,1.74299,1.69833,1.66668,1.61805,1.59181,1.55862
1.52534,1.56822,1.60631,1.65056,1.68068,1.71636,1.76967,1.82415,1.87309,1.92226,1.9796,2.04642,2.11583,2.20393,2.26333,2.37063,2.46065,2.56765,2.67551,2.80246,2.94334,3.09662,3.27427,3.47399,3.70144,3.79782,3.77627,3.76867,3.75431,3.73643,3.73255,3.71869,3.70295,3.69804,3.6977,3.68448,3.68054,3.67989,3.67953,3.67703,3.67445,3.68042,3.68497,3.68145,3.68137,3.70169,3.70805,3.71589,3.72434,3.74221,3.74734,3.76063,3.77027,3.78957,3.81016,3.64697,3.44256,3.25091,3.08833,2.92126,2.81305,2.68546,2.56345,2.46774,2.37546,2.28846,2.21297,2.13762,2.06478,2.00307,1.94281,1.88009,1.84184,1.79275,1.75424,1.70066,1.66408,1.62951,1.58608,1.55785
1.52701,1.56142,1.59704,1.64785,1.67659,1.73288,1.7771,1.81771,1.87551,1.9392,1.98921,2.0491,2.12847,2.2026,2.27628,2.3639,2.46543,2.56691,2.68,2.81436,2.96269,3.11079,3.28845,3.48413,3.7158,3.97291,4.04106,4.0234,4.01705,4.00129,3.98009,3.98369,3.9756,3.96347,3.95482,3.94673,3.95052,3.95162,3.94499,3.93853,3.94111,3.93897,3.94251,3.95074,3.95594,3.966,3.97437,3.97383,3.98972,3.99126,4.02303,4.03456,4.0441,4.07648,3.88261,3.6412,3.43471,3.24277,3.07279,2.92295,2.79553,2.67296,2.57068,2.45077,2.37271,2.28486,2.19489,2.12928,2.06626,2.00105,1.94372,1.89569,1.84192,1.7937,1.732,1.6939,1.65704,1.62924,1.60105,1.55242
1.5309,1.56323,1.61011,1.64183,1.67662,1.73604,1.77797,1.81719,1.87345,1.93332,1.99348,2.04927,2.12705,2.19611,2.28248,2.367,2.46916,2.56783,2.68928,2.79315,2.94773,3.0988,3.29514,3.48742,3.69831,3.9617,4.25384,4.54118,4.51804,4.51861,4.49602,4.47501,4.47601,4.45877,4.44488,4.45309,4.44663,4.43794,4.45163,4.4471,4.4414,4.43453,4.43781,4.45664,4.45692,4.46487,4.46296,4.47728,4.4892,4.49901,4.52259,4.54274,4.46078,4.15198,3.87443,3.63704,3.42403,3.24065,3.08377,2.92533,2.80111,2.6743,2.56993,2.46181,2.37105,2.27748,2.20987,2.13178,2.05829,2.00063,1.94328,1.87533,1.83573,1.79273,1.74176,1.7085,1.65535,1.6259,1.57746,1.55105
1.54784,1.56194,1.61123,1.64657,1.69793,1.73154,1.78385,1.82423,1.87293,1.93305,1.99514,2.05079,2.13674,2.21412,2.30115,2.37989,2.47443,2.57279,2.69294,2.8154,2.95466,3.13622,3.29115,3.49454,3.71465,3.98597,4.28307,4.53369,4.51348,4.49979,4.47291,4.48115,4.45052,4.45041,4.43969,4.43833,4.43933,4.43289,4.42601,4.41391,4.42239,4.42846,4.43925,4.42927,4.44661,4.45062,4.46109,4.47629,4.47343,4.49875,4.5156,4.52213,4.44661,4.13629,3.86665,3.62863,3.42571,3.23331,3.08033,2.90873,2.79271,2.67422,2.55698,2.45988,2.35853,2.27016,2.20453,2.13159,2.05479,1.99646,1.9367,1.88159,1.81376,1.77833,1.73199,1.68798,1.65131,1.61402,1.58876,1.55038
1.54582,1.58364,1.61233,1.64621,1.69426,1.73867,1.76864,1.83007,1.87926,1.94336,1.9908,2.05545,2.12503,2.20554,2.27765,2.38525,2.47127,2.57079,2.69975,2.82065,2.96208,3.12374,3.29799,3.4986,3.71668,3.98064,4.27492,4.45408,4.44616,4.43689,4.42078,4.40651,4.39378,4.38268,4.38258,4.37141,4.36202,4.37259,4.37223,4.36271,4.36393,4.37131,4.37388,4.37363,4.3735,4.39033,4.40086,4.40923,4.41508,4.42538,4.44595,4.46024,4.4506,4.1468,3.87709,3.63242,3.42664,3.23581,3.06577,2.92437,2.77773,2.67387,2.55493,2.45692,2.36821,2.26875,2.19512,2.12199,2.05577,1.98454,1.94001,1.88469,1.8278,1.78966,1.7371,1.6971,1.66966,1.61224,1.591,1.54838
1.53784,1.57256,1.60548,1.63947,1.6988,1.72601,1.77661,1.8265,1.87525,1.94168,2.00816,2.06636,2.13026,2.20821,2.28918,2.38436,2.47677,2.58052,2.69432,2.83129,2.96937,3.11904,3.29702,3.49826,3.72057,3.97998,4.27722,4.41716,4.38484,4.37597,4.3588,4.35498,4.3387,4.31945,4.32362,4.31717,4.31084,4.30195,4.31301,4.30763,4.31535,4.30598,4.31417,4.32136,4.32368,4.32291,4.33441,4.35818,4.35913,4.37611,4.38364,4.40868,4.42604,4.13573,3.86263,3.62992,3.42542,3.24013,3.07976,2.91973,2.78108,2.66268,2.54028,2.45434,2.35574,2.26947,2.18939,2.12832,2.05576,1.99196,1.92847,1.88974,1.8209,1.78928,1.7255,1.68912,1.64888,1.63144,1.58076,1.54933
1.54079,1.56831,1.61036,1.6451,1.70525,1.7202,1.78261,1.83266,1.88497,1.93947,1.99818,2.06082,2.12902,2.19989,2.28144,2.37057,2.47049,2.58408,2.69578,2.82329,2.96544,3.11717,3.30335,3.50403,3.72811,3.97425,4.27966,4.34549,4.32564,4.31159,4.30432,4.29188,4.27968,4.2742,4.26553,4.25438,4.23959,4.24583,4.24738,4.25397,4.24543,4.25291,4.2473,4.26045,4.2624,4.27986,4.27595,4.28554,4.3085,4.32837,4.33243,4.33655,4.35113,4.13886,3.87345,3.62958,3.42985,3.22509,3.0671,2.91709,2.79257,2.67322,2.53823,2.44861,2.36072,2.26728,2.19335,2.12029,2.05465,1.99944,1.92766,1.8863,1.82061,1.78958,1.73634,1.70525,1.65253,1.61699,1.58726,1.54565
1.54772,1.56823,1.6131,1.63793,1.68986,1.73023,1.77191,1.82692,1.88889,1.92647,1.99313,2.06188,2.13604,2.20406,2.27958,2.38195,2.46957,2.58723,2.69885,2.8336,2.97223,3.13398,3.29713,3.49082,3.72221,3.98272,4.28033,4.2901,4.26758,4.26239,4.25446,4.2341,4.21519,4.22159,4.21049,4.20543,4.20566,4.20029,4.2005,4.20129,4.20161,4.21587,4.20319,4.20887,4.20879,4.21991,4.22554,4.25076,4.23803,4.26565,4.28328,4.28601,4.30542,4.12508,3.86239,3.63013,3.42237,3.22548,3.06208,2.92048,2.78862,2.65816,2.54606,2.44696,2.35723,2.2705,2.1926,2.11969,2.06177,2.00212,1.93584,1.87983,1.83917,1.77434,1.73263,1.71035,1.65683,1.6191,1.58947,1.54746
1.54626,1.57172,1.60714,1.65352,1.68886,1.73848,1.77138,1.83256,1.88198,1.94058,2.00238,2.05161,2.13826,2.21297,2.2958,2.38661,2.47625,2.57971,2.698,2.81957,2.97547,3.12389,3.30479,3.50375,3.73145,3.98995,4.25385,4.23418,4.23905,4.21241,4.20547,4.18889,4.19279,4.17572,4.16308,4.16121,4.15765,4.15193,4.15105,4.13877,4.1486,4.1525,4.15417,4.16034,4.15711,4.17625,4.16812,4.18878,4.18825,4.2194,4.21373,4.23195,4.25937,4.12308,3.85847,3.62088,3.41478,3.23712,3.06294,2.91525,2.78525,2.66369,2.56027,2.45955,2.35894,2.26611,2.19481,2.12585,2.05106,1.9935,1.92994,1.87204,1.82072,1.77138,1.73819,1.69067,1.65413,1.62129,1.58481,1.55421
1.53768,1.58592,1.61196,1.65372,1.68815,1.72601,1.77771,1.82589,1.8912,1.94617,1.99433,2.05817,2.12215,2.2212,2.29551,2.37587,2.47781,2.57976,2.70523,2.83263,2.96606,3.12029,3.30443,3.50393,3.7403,3.97219,4.20227,4.18168,4.17336,4.15047,4.14516,4.1295,4.12372,4.11332,4.10645,4.10121,4.09339,4.08518,4.07957,4.09033,4.08298,4.09013,4.08766,4.0935,4.10822,4.10535,4.11481,4.12588,4.14618,4.14413,4.16447,4.18111,4.19199,4.13739,3.85104,3.62015,3.41135,3.22601,3.06412,2.92307,2.78834,2.65776,2.55264,2.45092,2.36092,2.28403,2.19679,2.11203,2.04367,1.98744,1.93306,1.87105,1.83294,1.77128,1.73347,1.69047,1.65184,1.60847,1.58598,1.55076
1.53226,1.57247,1.61143,1.65113,1.68315,1.73095,1.77743,1.81492,1.88506,1.9404,2.00121,2.06404,2.14529,2.20872,2.29127,2.38128,2.47186,2.59451,2.69296,2.83535,2.97469,3.1326,3.30346,3.5067,3.72838,3.98758,4.11387,4.09891,4.08546,4.07053,4.04823,4.0526,4.03265,4.03035,4.01453,4.01455,4.01848,4.01647,4.00426,4.005,4.00459,4.01143,4.00836,4.01487,4.01751,4.01837,4.03164,4.04988,4.05511,4.06579,4.07783,4.0862,4.10483,4.13199,3.85307,3.62719,3.41241,3.22919,3.07249,2.91024,2.77863,2.66966,2.54934,2.44812,2.35716,2.28075,2.18917,2.12963,2.05771,1.98644,1.93262,1.88912,1.82628,1.77419,1.7328,1.68634,1.64815,1.61127,1.58081,1.54545
1.53786,1.56237,1.62044,1.65348,1.69243,1.72731,1.78161,1.80891,1.8791,1.94494,1.99107,2.06532,2.12193,2.20929,2.28879,2.38157,2.47522,2.58296,2.70364,2.81997,2.96352,3.14179,3.31022,3.49405,3.72762,3.98916,4.07914,4.05563,4.04007,4.05127,4.02627,4.00577,4.00332,3.98718,3.98866,3.97875,3.96425,3.9744,3.96964,3.97001,3.95924,3.97407,3.98606,3.97394,3.98787,3.99564,3.99228,4.00662,4.01751,4.02564,4.04175,4.05062,4.07706,4.08789,3.85888,3.62272,3.41713,3.2284,3.06013,2.91757,2.77818,2.65874,2.55113,2.45309,2.35713,2.26391,2.20157,2.11763,2.05541,1.99154,1.92935,1.87412,1.82549,1.78596,1.73137,1.70209,1.64662,1.62203,1.5771,1.54229
1.55129,1.58357,1.60844,1.65164,1.69879,1.7238,1.78815,1.84034,1.88569,1.93639,2.002,2.06119,2.13437,2.21767,2.2883,2.37915,2.48343,2.58826,2.69483,2.82443,2.96636,3.12263,3.29565,3.50394,3.73522,3.9886,4.00876,3.99488,3.97229,3.95581,3.95059,3.94316,3.92694,3.93094,3.90214,3.90528,3.89384,3.90708,3.90086,3.90169,3.90016,3.89897,3.89959,3.90684,3.90847,3.91409,3.92309,3.92972,3.94787,3.94279,3.96495,3.99181,4.00356,4.01505,3.84515,3.62486,3.41729,3.23155,3.06956,2.91341,2.78703,2.65557,2.54339,2.44291,2.36337,2.25762,2.18826,2.11299,2.05324,1.98356,1.93452,1.87704,1.82303,1.77912,1.72686,1.7014,1.65564,1.61859,1.58955,1.54039
1.54385,1.57177,1.6111,1.65188,1.68551,1.73322,1.77432,1.83431,1.88174,1.94939,2.00148,2.07481,2.13834,2.20215,2.29462,2.37477,2.46926,2.58821,2.70159,2.82639,2.96535,3.13127,3.30425,3.50784,3.73488,3.97231,3.95466,3.93804,3.91586,3.91335,3.89793,3.89434,3.87959,3.87076,3.86608,3.85968,3.85309,3.86458,3.8462,3.84588,3.85105,3.85434,3.85375,3.86571,3.86292,3.87269,3.87203,3.88842,3.88037,3.89285,3.91988,3.93123,3.95075,3.969,3.87024,3.62562,3.40386,3.22203,3.05929,2.91311,2.78934,2.65465,2.5442,2.43591,2.36032,2.26608,2.19888,2.12046,2.04323,1.98872,1.93547,1.88001,1.82558,1.77711,1.7265,1.69116,1.65965,1.62071,1.57394,1.5516
1.53759,1.57834,1.62684,1.64541,1.68411,1.72844,1.78186,1.83689,1.87942,1.94513,2.00012,2.06515,2.13543,2.21338,2.2931,2.37526,2.47648,2.58329,2.70029,2.83756,2.96926,3.11741,3.31187,3.50553,3.71732,3.92626,3.90076,3.88861,3.86802,3.87065,3.84709,3.8437,3.83719,3.82378,3.81844,3.81182,3.80453,3.80123,3.79457,3.80336,3.80162,3.8006,3.81348,3.8023,3.81289,3.82041,3.82244,3.84487,3.8451,3.86177,3.86981,3.87474,3.90449,3.92243,3.86274,3.61171,3.41849,3.22454,3.06389,2.91586,2.78105,2.65137,2.54583,2.44971,2.35086,2.26835,2.19025,2.12077,2.05516,1.9853,1.92659,1.87737,1.82589,1.77378,1.72976,1.68762,1.65751,1.61923,1.57068,1.55101
1.53945,1.57043,1.61455,1.65044,1.69723,1.7425,1.77747,1.83434,1.8862,1.94855,1.99722,2.073,2.13106,2.21086,2.28747,2.37761,2.47643,2.58434,2.70093,2.83017,2.96857,3.1379,3.30552,3.5024,3.73429,3.87132,3.84446,3.83987,3.82304,3.81602,3.80986,3.78517,3.79042,3.77293,3.7625,3.75235,3.75352,3.76478,3.76106,3.75222,3.75862,3.75178,3.76121,3.76739,3.76464,3.77473,3.78176,3.78747,3.79835,3.81035,3.81996,3.83758,3.84817,3.84851,3.85493,3.6311,3.41515,3.22399,3.05218,2.90542,2.77973,2.65956,2.53824,2.43348,2.36656,2.27054,2.1862,2.11483,2.04852,1.9878,1.92256,1.8773,1.82029,1.78999,1.72945,1.69856,1.6457,1.60885,1.58287,1.54911
1.54419,1.59483,1.61754,1.66041,1.6941,1.73457,1.78704,1.84076,1.89449,1.94007,1.99801,2.0658,2.14144,2.21806,2.30044,2.38418,2.48479,2.58292,2.71032,2.83506,2.96092,3.13255,3.29705,3.50458,3.73156,3.82238,3.80915,3.77945,3.7698,3.78325,3.75238,3.74402,3.75034,3.72108,3.72439,3.70838,3.7099,3.70829,3.71112,3.69711,3.70543,3.71239,3.71433,3.70414,3.71794,3.71826,3.72612,3.73556,3.75196,3.76612,3.77664,3.7757,3.80153,3.82173,3.83487,3.61941,3.41043,3.21586,3.04766,2.91272,2.77729,2.64564,2.55322,2.46609,2.34647,2.2673,2.19309,2.12427,2.0596,1.98693,1.93414,1.88277,1.82271,1.76463,1.72749,1.6904,1.6537,1.61493,1.58822,1.53734
1.54048,1.58458,1.60923,1.6503,1.69406,1.73798,1.78337,1.83445,1.87176,1.94311,2.01184,2.06643,2.13367,2.20439,2.30667,2.38791,2.48346,2.5883,2.69554,2.83172,2.97252,3.1324,3.3089,3.5153,3.73163,3.72216,3.69438,3.69085,3.67258,3.65601,3.64734,3.63558,3.63082,3.61287,3.61452,3.60715,3.61151,3.60145,3.60102,3.59569,3.60216,3.59562,3.60603,3.6168,3.60927,3.60964,3.62608,3.63132,3.6402,3.65707,3.66985,3.68419,3.68431,3.708,3.72774,3.6231,3.41312,3.226,3.06357,2.9107,2.77971,2.66401,2.533,2.44403,2.35692,2.27263,2.19411,2.11623,2.04696,1.98613,1.92918,1.86902,1.82394,1.78077,1.72401,1.68174,1.65465,1.60939,1.57632,1.5347
1.54408,1.58742,1.61491,1.65627,1.6965,1.73649,1.78008,1.8298,1.88321,1.94175,2.01113,2.07222,2.13682,2.21652,2.29612,2.38534,2.47194,2.58518,2.71198,2.82591,2.97357,3.13317,3.30579,3.50471,3.67931,3.67263,3.64841,3.63839,3.61696,3.6149,3.60046,3.58569,3.58611,3.57542,3.56278,3.56105,3.5647,3.54942,3.55149,3.55602,3.56106,3.55225,3.55811,3.559,3.56588,3.57477,3.58428,3.58629,3.59533,3.61335,3.61728,3.62577,3.65849,3.66113,3.67243,3.62455,3.40374,3.221,3.06034,2.91515,2.7739,2.65468,2.54686,2.44079,2.34696,2.27255,2.19008,2.10648,2.04557,1.99316,1.9291,1.86243,1.82577,1.77902,1.7221,1.68811,1.65132,1.61227,1.58131,1.53982
1.54521,1.57988,1.61247,1.65325,1.69761,1.74276,1.78803,1.82655,1.88291,1.94001,1.9919,2.06212,2.14314,2.21786,2.30208,2.38772,2.47951,2.58722,2.71048,2.82456,2.96694,3.11902,3.31233,3.50986,3.62282,3.60803,3.60372,3.58324,3.58384,3.55243,3.55481,3.53241,3.53663,3.52649,3.51471,3.51809,3.51904,3.51651,3.52004,3.50772,3.50441,3.51002,3.50936,3.5132,3.5247,3.52251,3.5339,3.53112,3.54619,3.55916,3.56413,3.59593,3.59759,3.61446,3.6399,3.61944,3.41255,3.21937,3.06272,2.90428,2.77788,2.65019,2.54304,2.43946,2.35939,2.25641,2.18179,2.1176,2.05208,1.99173,1.92053,1.86863,1.82551,1.77022,1.72578,1.69027,1.64541,1.61304,1.57967,1.53805
1.54545,1.58874,1.61442,1.65068,1.69829,1.74171,1.79139,1.82739,1.88288,1.94234,2.00231,2.06595,2.14715,2.21332,2.30312,2.38686,2.47924,2.58242,2.70313,2.82856,2.96779,3.13417,3.30056,3.50359,3.59149,3.57198,3.55291,3.54542,3.53687,3.52372,3.51735,3.49511,3.48575,3.48848,3.47597,3.46434,3.46926,3.46155,3.46218,3.46059,3.45454,3.45179,3.47521,3.46626,3.47575,3.47728,3.47477,3.49078,3.4975,3.51258,3.53042,3.53168,3.54315,3.56114,3.58712,3.59555,3.40322,3.23314,3.06076,2.90439,2.7737,2.66485,2.53756,2.44451,2.35163,2.26469,2.18723,2.11279,2.04663,1.99446,1.92001,1.87451,1.82185,1.78347,1.72981,1.69006,1.6561,1.61235,1.58443,1.54359
1.5529,1.57843,1.62345,1.65941,1.70196,1.73102,1.78267,1.83247,1.8795,1.95247,2.009,2.0631,2.14358,2.20705,2.29656,2.37749,2.48377,2.58667,2.70214,2.83603,2.97823,3.12677,3.30876,3.51155,3.54185,3.53442,3.51765,3.50426,3.4786,3.47306,3.45703,3.45253,3.44398,3.44093,3.43495,3.4264,3.42131,3.4215,3.42738,3.42602,3.4256,3.42366,3.41958,3.43792,3.44195,3.44774,3.45552,3.44954,3.4609,3.47971,3.4853,3.49672,3.50768,3.52196,3.5443,3.56696,3.40737,3.21418,3.07238,2.90801,2.77465,2.65608,2.53939,2.44723,2.34503,2.27714,2.17882,2.11437,2.04697,1.97291,1.93569,1.8756,1.8278,1.77732,1.72844,1.68623,1.63806,1.61579,1.57009,1.54984
1.54504,1.57899,1.63408,1.6567,1.69488,1.73207,1.7833,1.83159,1.87355,1.93431,2.00258,2.06522,2.13638,2.21088,2.29474,2.38895,2.48354,2.58545,2.70239,2.83044,2.97261,3.12617,3.30377,3.50059,3.51364,3.48768,3.47508,3.46037,3.44572,3.44273,3.42504,3.41807,3.41074,3.40348,3.39307,3.39093,3.38936,3.38417,3.38978,3.3882,3.38516,3.38586,3.39694,3.39352,3.39195,3.40175,3.41102,3.41798,3.42246,3.43658,3.44309,3.46246,3.47591,3.48557,3.49508,3.5219,3.40414,3.22437,3.05705,2.91883,2.77728,2.64662,2.54569,2.43933,2.35516,2.25893,2.18637,2.11626,2.05647,1.98467,1.93481,1.88581,1.82297,1.76229,1.72977,1.69206,1.65102,1.61648,1.58566,1.54849
1.5482,1.58223,1.61649,1.65775,1.69941,1.73457,1.7898,1.83929,1.89996,1.93642,1.99702,2.07375,2.15177,2.21102,2.29023,2.37782,2.49012,2.58297,2.71324,2.84309,2.98477,3.1242,3.3096,3.48678,3.46798,3.45802,3.44389,3.42474,3.41135,3.4153,3.39258,3.38889,3.38134,3.36618,3.35994,3.35608,3.35691,3.34365,3.34825,3.33807,3.34776,3.35795,3.35003,3.35374,3.36968,3.37159,3.37849,3.39218,3.39186,3.40982,3.41711,3.43164,3.44344,3.44677,3.47737,3.49409,3.40774,3.2241,3.05676,2.91176,2.77028,2.65357,2.53695,2.44157,2.35482,2.25972,2.20108,2.12062,2.04132,1.97523,1.92676,1.87471,1.82489,1.78198,1.73538,1.70186,1.64486,1.61698,1.58053,1.5394
1.5482,1.57625,1.61884,1.65167,1.70151,1.74077,1.77043,1.8305,1.88548,1.94115,2.00851,2.05779,2.13435,2.22383,2.3112,2.38341,2.49061,2.60296,2.70254,2.84121,2.98122,3.14771,3.31612,3.4687,3.4595,3.43175,3.41034,3.39446,3.38932,3.37771,3.37098,3.35141,3.34855,3.35096,3.34349,3.33199,3.32621,3.34018,3.33511,3.32833,3.31917,3.31551,3.32265,3.32566,3.33863,3.35764,3.34732,3.35109,3.37252,3.38231,3.39288,3.40122,3.42708,3.43285,3.44321,3.46419,3.39646,3.21666,3.05078,2.89775,2.76619,2.64216,2.53398,2.44049,2.35004,2.26347,2.17725,2.11624,2.04777,1.97494,1.94072,1.87175,1.81351,1.76891,1.72304,1.69384,1.64232,1.60579,1.56803,1.54108
1.55453,1.58178,1.62014,1.65923,1.70232,1.7519,1.79853,1.84798,1.89299,1.94932,2.01113,2.07365,2.1449,2.22387,2.30196,2.39207,2.48973,2.60196,2.71208,2.84345,2.98817,3.15109,3.32081,3.44347,3.43464,3.4186,3.40612,3.38084,3.37582,3.37254,3.35209,3.35308,3.33319,3.32585,3.32126,3.31888,3.30874,3.31887,3.31684,3.3038,3.30998,3.31892,3.32503,3.32197,3.32034,3.32571,3.34002,3.3495,3.35311,3.37193,3.3767,3.38795,3.39978,3.41111,3.43577,3.45852,3.39537,3.2135,3.04229,2.90163,2.76733,2.63804,2.52927,2.43514,2.34097,2.25844,2.17344,2.10117,2.05853,1.97524,1.91816,1.87727,1.81742,1.77219,1.72864,1.69609,1.63961,1.60899,1.57711,1.53639
1.55714,1.58607,1.62376,1.65815,1.70788,1.75087,1.8034,1.84933,1.91405,1.95185,2.01634,2.08097,2.16344,2.22725,2.3121,2.40517,2.49577,2.61158,2.7196,2.85346,3.00239,3.16015,3.33465,3.39689,3.38023,3.36126,3.3577,3.34913,3.32567,3.31562,3.30691,3.29907,3.28907,3.27958,3.26909,3.27454,3.25836,3.2681,3.26456,3.26168,3.27158,3.26961,3.26801,3.26257,3.27892,3.28022,3.28928,3.30091,3.30196,3.31087,3.32079,3.3381,3.34624,3.34754,3.37931,3.38904,3.37682,3.19023,3.03488,2.89018,2.74809,2.63423,2.53089,2.42562,2.33502,2.24396,2.17614,2.10441,2.03715,1.96532,1.92429,1.8604,1.8018,1.77336,1.72085,1.68611,1.64019,1.60203,1.56551,1.53015
1.56075,1.58605,1.62628,1.67468,1.70287,1.75855,1.8008,1.83898,1.9049,1.964,2.02754,2.08425,2.15873,2.23184,2.32373,2.41376,2.50615,2.62178,2.73531,2.85694,3.01782,3.17465,3.33029,3.32358,3.29929,3.26645,3.26801,3.24572,3.24098,3.23189,3.21515,3.22147,3.20601,3.19928,3.18577,3.19444,3.18618,3.18947,3.18123,3.18068,3.18025,3.19,3.18622,3.19016,3.19101,3.19971,3.201,3.21489,3.23563,3.23212,3.23573,3.24745,3.26835,3.27555,3.30209,3.31617,3.32969,3.18859,3.01725,2.87868,2.74145,2.62669,2.52013,2.41721,2.31384,2.24608,2.17061,2.09149,2.01875,1.9629,1.91912,1.86087,1.81238,1.74793,1.71898,1.66605,1.63878,1.59361,1.56432,1.54048
1.55604,1.59485,1.63022,1.66867,1.697,1.75768,1.80385,1.84797,1.90438,1.9611,2.0176,2.09208,2.16175,2.23844,2.32231,2.40773,2.51046,2.61321,2.74646,2.85972,3.01875,3.1692,3.29331,3.27658,3.26308,3.24716,3.22052,3.22193,3.20217,3.19812,3.18432,3.16994,3.17009,3.1604,3.15864,3.14868,3.14801,3.15118,3.14303,3.13516,3.14643,3.1494,3.13084,3.15104,3.1442,3.16162,3.17188,3.17177,3.18132,3.19294,3.19324,3.2095,3.22841,3.23308,3.25468,3.26568,3.28624,3.18294,3.01805,2.88257,2.74962,2.63897,2.51772,2.41139,2.33204,2.23162,2.15069,2.09177,2.03587,1.96967,1.9145,1.85225,1.8019,1.75992,1.7158,1.67583,1.62973,1.59924,1.56753,1.53032
1.5599,1.59587,1.63125,1.6602,1.71232,1.75878,1.80548,1.85347,1.90487,1.9623,2.02241,2.08547,2.15183,2.24234,2.32622,2.4144,2.51753,2.62103,2.73516,2.87054,3.00868,3.18643,3.23556,3.22708,3.20974,3.19553,3.17755,3.17079,3.15372,3.13967,3.14248,3.13222,3.11846,3.12097,3.11783,3.10776,3.11029,3.10455,3.10931,3.10854,3.1032,3.09899,3.11081,3.10661,3.11251,3.11543,3.11962,3.12463,3.14016,3.14697,3.14721,3.1635,3.18736,3.18638,3.21265,3.23052,3.2344,3.18319,3.02021,2.86825,2.75299,2.62187,2.51166,2.40462,2.33186,2.23652,2.15511,2.09399,2.01789,1.97098,1.90498,1.85464,1.8178,1.7629,1.7078,1.66989,1.63215,1.60194,1.56549,1.52368
1.56131,1.60476,1.63474,1.67865,1.70861,1.74207,1.79786,1.85446,1.89276,1.97759,2.02594,2.0873,2.16004,2.23836,2.3188,2.41221,2.50768,2.61114,2.74175,2.86893,3.01522,3.17205,3.23319,3.22119,3.19219,3.18842,3.17255,3.15728,3.14669,3.14277,3.12963,3.12392,3.12508,3.11242,3.09859,3.10859,3.0889,3.09228,3.10361,3.0928,3.08862,3.09237,3.09927,3.10351,3.09721,3.10538,3.1132,3.11392,3.125,3.12871,3.14754,3.15296,3.16772,3.18948,3.20092,3.22184,3.2246,3.18205,3.02418,2.86949,2.7393,2.61662,2.51256,2.41342,2.32611,2.23829,2.16378,2.10023,2.02888,1.96075,1.89955,1.84733,1.80647,1.75736,1.71183,1.66869,1.61973,1.59481,1.55311,1.52486
1.57094,1.60009,1.62673,1.67646,1.70761,1.75277,1.81215,1.85494,1.90186,1.97326,2.0331,2.08816,2.16254,2.23965,2.31937,2.4179,2.51832,2.61439,2.73772,2.8777,3.01716,3.17901,3.20193,3.16963,3.1539,3.13914,3.13281,3.12078,3.1028,3.09704,3.08658,3.07357,3.07506,3.06966,3.06339,3.06192,3.05581,3.05964,3.05096,3.03557,3.05454,3.0524,3.05291,3.05211,3.06139,3.06022,3.07647,3.0761,3.07992,3.09898,3.10873,3.11242,3.13865,3.14336,3.16422,3.17799,3.18972,3.16995,3.00731,2.85819,2.73873,2.61678,2.51913,2.40711,2.33184,2.24074,2.17004,2.09153,2.02899,1.96705,1.90716,1.85279,1.79956,1.75783,1.71877,1.66443,1.6315,1.58449,1.58037,1.51858
1.56392,1.59007,1.63545,1.68567,1.7145,1.76099,1.80195,1.84174,1.91554,1.9746,2.029,2.10456,2.16632,2.23455,2.3351,2.42315,2.52123,2.61552,2.75587,2.87853,3.02544,3.13674,3.11693,3.11615,3.08949,3.07328,3.07672,3.05123,3.04581,3.04245,3.02052,3.01453,3.00322,2.99569,2.99749,2.98512,2.98054,2.99081,2.98859,2.97938,2.98521,2.99108,2.9942,2.98994,2.99859,3.00215,3.00935,3.01027,3.03,3.0364,3.05002,3.06174,3.06086,3.07438,3.0805,3.10985,3.12475,3.14437,3.00782,2.86148,2.7302,2.62405,2.49937,2.40195,2.32252,2.23932,2.16106,2.08994,2.02359,1.96185,1.9003,1.85491,1.80385,1.75511,1.7082,1.6646,1.62185,1.58652,1.56243,1.51953
1.55998,1.58805,1.63841,1.68131,1.71492,1.75757,1.8126,1.85824,1.92066,1.97251,2.0486,2.09711,2.16674,2.25162,2.34015,2.41438,2.52581,2.63498,2.75596,2.8716,3.02245,3.0567,3.03526,3.02623,3.0053,2.98992,2.97786,2.96494,2.95542,2.94688,2.94435,2.92777,2.92752,2.91476,2.91707,2.91962,2.90273,2.91253,2.91315,2.90709,2.90095,2.91127,2.90256,2.91983,2.9226,2.91201,2.92415,2.93034,2.95259,2.95573,2.96484,2.9728,2.97935,2.99574,3.00376,3.02534,3.0439,3.04902,3.00639,2.86034,2.72901,2.60952,2.50721,2.40657,2.32595,2.23894,2.15429,2.08235,2.0165,1.97086,1.90446,1.84633,1.79142,1.76112,1.70472,1.66263,1.62687,1.59908,1.55591,1.52311
1.56935,1.62163,1.63387,1.67451,1.72129,1.76255,1.8158,1.86351,1.91331,1.97023,2.02907,2.08622,2.17144,2.25422,2.34797,2.42364,2.51908,2.6353,2.73741,2.88458,2.98439,2.9726,2.95111,2.9347,2.93034,2.90959,2.89027,2.89706,2.8777,2.87306,2.85629,2.85294,2.84712,2.85452,2.84329,2.83013,2.8302,2.83504,2.83045,2.81542,2.8345,2.83085,2.82271,2.84042,2.83757,2.85301,2.84999,2.85009,2.8689,2.87693,2.8753,2.89492,2.90493,2.90816,2.92352,2.9368,2.9555,2.98098,2.9847,2.866,2.71912,2.59908,2.49996,2.42105,2.31738,2.22913,2.15087,2.0791,2.01672,1.96063,1.8968,1.8477,1.79536,1.75552,1.70238,1.65633,1.63156,1.5906,1.54865,1.51922
1.58039,1.61061,1.63753,1.686,1.73332,1.77128,1.82057,1.85868,1.91579,1.97961,2.03797,2.10916,2.17221,2.25768,2.33518,2.42042,2.53195,2.6408,2.75016,2.88541,2.90801,2.89079,2.87472,2.86862,2.85077,2.83649,2.82142,2.82756,2.80385,2.80224,2.78547,2.78176,2.77924,2.76686,2.75804,2.75555,2.75517,2.76169,2.75304,2.75228,2.74317,2.74655,2.757,2.75139,2.76954,2.75992,2.77576,2.78974,2.78331,2.78827,2.80662,2.81712,2.82129,2.84252,2.84462,2.86101,2.88523,2.89407,2.91237,2.8497,2.72006,2.60418,2.49809,2.4028,2.31336,2.22475,2.15545,2.08286,2.00671,1.95288,1.90539,1.85148,1.79086,1.7464,1.70269,1.66591,1.62973,1.59416,1.54397,1.51363
1.56875,1.61329,1.6439,1.67742,1.72419,1.77212,1.82289,1.87059,1.92056,1.97748,2.04777,2.11559,2.1836,2.26059,2.33988,2.43615,2.52808,2.64185,2.76878,2.86393,2.8457,2.83302,2.80341,2.80101,2.78718,2.76241,2.75559,2.74103,2.74184,2.74108,2.72152,2.72767,2.71971,2.70096,2.70451,2.69375,2.69297,2.70601,2.68754,2.6991,2.69613,2.69658,2.69638,2.70808,2.71082,2.70505,2.71525,2.71029,2.72294,2.73609,2.7481,2.75443,2.76043,2.78532,2.78958,2.80607,2.8171,2.82857,2.85249,2.83917,2.71582,2.60479,2.49605,2.39384,2.30435,2.22633,2.14503,2.08191,2.00833,1.95882,1.89211,1.84476,1.78708,1.7369,1.70061,1.66051,1.61417,1.58984,1.55179,1.52792
1.56895,1.61993,1.65305,1.68056,1.7196,1.77641,1.82339,1.87433,1.93808,1.98039,2.04279,2.11999,2.18582,2.26805,2.35523,2.43603,2.54524,2.65201,2.76928,2.79164,2.75824,2.75729,2.73732,2.72688,2.71915,2.70012,2.6891,2.68245,2.65707,2.65088,2.64433,2.64173,2.63613,2.62818,2.63144,2.6221,2.62341,2.61789,2.61115,2.61728,2.61493,2.62447,2.62372,2.61875,2.6314,2.63856,2.63319,2.64873,2.65305,2.65987,2.66676,2.67997,2.69038,2.70423,2.71818,2.72533,2.74426,2.76378,2.77139,2.78976,2.70114,2.5982,2.48427,2.39163,2.2931,2.20681,2.13972,2.0736,2.00692,1.94752,1.87402,1.83022,1.78723,1.73995,1.69681,1.64338,1.62135,1.58274,1.54477,1.50702
1.57759,1.62542,1.6449,1.69375,1.73855,1.77146,1.82418,1.87203,1.92679,1.98446,2.06038,2.11421,2.1817,2.26822,2.35176,2.44636,2.55246,2.65991,2.74276,2.72476,2.7037,2.68722,2.67443,2.65468,2.64174,2.63503,2.61685,2.61768,2.61241,2.59674,2.59033,2.58032,2.57726,2.58101,2.57299,2.5601,2.56588,2.56062,2.56518,2.56344,2.56263,2.55993,2.56221,2.55467,2.57308,2.58279,2.57559,2.5899,2.59759,2.59604,2.60954,2.61386,2.63165,2.65248,2.6524,2.6722,2.6702,2.69259,2.71839,2.72121,2.70538,2.58001,2.48172,2.38622,2.29022,2.2167,2.14207,2.06252,2.00354,1.93449,1.87928,1.83343,1.782,1.74613,1.68974,1.64459,1.62444,1.58284,1.54906,1.5141
1.57174,1.62133,1.65682,1.69113,1.73211,1.77381,1.8254,1.88252,1.92883,1.97864,2.05969,2.11726,2.19112,2.2779,2.34656,2.44819,2.54914,2.67059,2.66089,2.63318,2.63707,2.6042,2.58813,2.58215,2.56866,2.55912,2.54879,2.53451,2.51587,2.51899,2.52099,2.50078,2.5005,2.49288,2.48744,2.49551,2.4874,2.4899,2.4774,2.49979,2.47998,2.4803,2.48805,2.50013,2.48198,2.49993,2.5045,2.50036,2.52421,2.52042,2.52799,2.53478,2.55524,2.55832,2.57718,2.58673,2.60072,2.61035,2.63351,2.64526,2.66726,2.58039,2.475,2.38408,2.2897,2.20505,2.12183,2.0723,1.99672,1.94187,1.87983,1.82886,1.78899,1.73211,1.69252,1.65319,1.61657,1.57072,1.53482,1.51222
1.58759,1.61566,1.65865,1.69935,1.73184,1.77204,1.83766,1.87259,1.92907,1.99554,2.04304,2.12326,2.19155,2.27517,2.35726,2.45173,2.55018,2.63082,2.59659,2.58538,2.56986,2.5529,2.53421,2.53128,2.51636,2.50393,2.48896,2.48365,2.47577,2.46847,2.44806,2.45536,2.44799,2.44493,2.42512,2.438,2.42126,2.42798,2.42182,2.42436,2.42787,2.42505,2.43073,2.44293,2.4454,2.44783,2.44781,2.44965,2.46376,2.47593,2.47182,2.48407,2.49135,2.51018,2.50831,2.53009,2.54108,2.54702,2.56882,2.58415,2.60678,2.56586,2.48121,2.37598,2.29237,2.20751,2.12491,2.07037,1.99992,1.93658,1.8774,1.83489,1.77731,1.72987,1.69226,1.64172,1.61234,1.57765,1.54395,1.50675
1.58129,1.61349,1.65737,1.69898,1.74279,1.78073,1.82848,1.89068,1.94206,1.99416,2.04479,2.12121,2.19311,2.27949,2.36045,2.45541,2.56239,2.58415,2.54848,2.53648,2.52736,2.5017,2.49895,2.49181,2.46216,2.45491,2.45553,2.43645,2.42517,2.42138,2.41006,2.40424,2.40073,2.39859,2.38455,2.3846,2.39357,2.39042,2.38655,2.37981,2.38787,2.3953,2.38944,2.39635,2.39856,2.40386,2.40222,2.40007,2.41599,2.41951,2.42427,2.43705,2.44712,2.46061,2.47134,2.48518,2.49982,2.51489,2.52337,2.53772,2.55873,2.56187,2.46777,2.36542,2.27989,2.19577,2.13621,2.07016,1.98874,1.92628,1.87914,1.82681,1.77293,1.73003,1.68355,1.64565,1.61439,1.57495,1.53495,1.50264
1.57154,1.61829,1.64853,1.69949,1.73841,1.78709,1.82284,1.88159,1.93476,1.98723,2.0562,2.12367,2.19145,2.27227,2.36551,2.44196,2.49471,2.47203,2.46137,2.44824,2.43882,2.4263,2.41159,2.39683,2.38141,2.37744,2.3641,2.35301,2.3454,2.32859,2.31944,2.32398,2.31897,2.30746,2.32295,2.30544,2.29772,2.29951,2.29428,2.31495,2.29673,2.30434,2.30657,2.29995,2.30684,2.31973,2.3137,2.32442,2.33827,2.33113,2.35575,2.3575,2.36238,2.37679,2.38632,2.39844,2.39955,2.42439,2.43193,2.45206,2.46315,2.48456,2.47979,2.37451,2.29207,2.20509,2.12572,2.07161,1.99646,1.93645,1.87871,1.82886,1.78309,1.72367,1.68921,1.6446,1.61844,1.57545,1.5342,1.51625
1.58117,1.61874,1.65384,1.68724,1.73556,1.78551,1.83547,1.87784,1.93321,1.99226,2.06058,2.11937,2.19045,2.28053,2.3588,2.44172,2.42802,2.41074,2.39303,2.37245,2.36331,2.34248,2.32778,2.31741,2.30434,2.29744,2.296,2.28633,2.28033,2.26404,2.27643,2.25406,2.24636,2.24945,2.25602,2.242,2.22926,2.23242,2.217,2.2351,2.23373,2.23413,2.241,2.24583,2.25143,2.24481,2.24946,2.26136,2.26038,2.26805,2.28479,2.28807,2.2976,2.31255,2.31091,2.32188,2.34134,2.35703,2.35881,2.38694,2.38721,2.40753,2.4268,2.37439,2.28623,2.20677,2.12786,2.05788,1.98965,1.92836,1.88282,1.82593,1.79142,1.72878,1.68572,1.65111,1.60755,1.56957,1.53888,1.50969
1.58161,1.61943,1.65552,1.6966,1.7431,1.77937,1.83318,1.87617,1.93374,1.99238,2.05133,2.12764,2.19629,2.27206,2.35818,2.36613,2.35015,2.32858,2.31309,2.30651,2.28308,2.26727,2.26694,2.25204,2.24838,2.2318,2.22261,2.20742,2.20558,2.20978,2.19228,2.19043,2.19187,2.17468,2.17332,2.17293,2.1718,2.171,2.17074,2.15891,2.16373,2.17674,2.16937,2.16573,2.18177,2.17865,2.17309,2.18553,2.19324,2.19811,2.20196,2.21425,2.22113,2.23524,2.23497,2.2515,2.26305,2.28334,2.29838,2.29356,2.33381,2.35576,2.3605,2.36469,2.27912,2.20721,2.126,2.06164,1.99383,1.93973,1.87771,1.81602,1.7844,1.7222,1.69851,1.64045,1.61116,1.57121,1.54113,1.51193
1.57904,1.6099,1.64891,1.68894,1.72681,1.77526,1.82368,1.88536,1.92985,1.99171,2.04851,2.13136,2.20354,2.26196,2.33321,2.31376,2.29123,2.29066,2.26017,2.24459,2.23014,2.22372,2.20435,2.20315,2.1953,2.17586,2.16945,2.17044,2.1589,2.13059,2.14531,2.12384,2.12527,2.12136,2.12222,2.11434,2.122,2.11299,2.11316,2.10823,2.11358,2.1073,2.11413,2.12548,2.12829,2.12136,2.12831,2.12986,2.13797,2.15235,2.1544,2.15651,2.17913,2.17858,2.1907,2.19926,2.21568,2.22328,2.23907,2.25109,2.27026,2.27383,2.29152,2.323,2.29105,2.21347,2.13602,2.05509,1.99769,1.93401,1.87795,1.83008,1.77432,1.73085,1.68679,1.64371,1.61209,1.56226,1.52895,1.50695
1.58423,1.62021,1.65783,1.70198,1.73554,1.78198,1.82641,1.87864,1.94119,1.99424,2.06398,2.11618,2.19416,2.2751,2.2746,2.24935,2.23818,2.23011,2.19845,2.20022,2.16582,2.16364,2.15525,2.14573,2.13133,2.12876,2.11637,2.10826,2.09146,2.08462,2.08395,2.06848,2.07505,2.08549,2.06786,2.05635,2.06035,2.06847,2.07134,2.05947,2.05632,2.06,2.06991,2.06953,2.06996,2.07571,2.07266,2.08723,2.08767,2.09412,2.10504,2.1075,2.12827,2.12194,2.13041,2.15284,2.16258,2.16641,2.18468,2.19655,2.21408,2.22795,2.24532,2.25729,2.27895,2.19713,2.13155,2.058,1.99243,1.93194,1.8841,1.83752,1.77223,1.7377,1.68232,1.64565,1.60802,1.57965,1.53077,1.51549
1.58059,1.61939,1.66117,1.69245,1.72907,1.77826,1.82576,1.87729,1.93305,1.99879,2.04803,2.12157,2.2013,2.22721,2.20002,2.18738,2.1749,2.15335,2.13456,2.12689,2.12327,2.1081,2.09595,2.0775,2.05524,2.05794,2.04332,2.02896,2.02795,2.03504,2.02224,2.01786,2.02246,2.00251,2.01227,2.00616,1.99869,2.0011,2.00231,2.00242,1.99612,2.00087,1.99915,1.99833,1.99912,2.01211,2.0257,2.01231,2.01319,2.02417,2.03556,2.05037,2.05439,2.0595,2.06226,2.08713,2.09231,2.0976,2.11453,2.12438,2.1387,2.15635,2.17671,2.1858,2.20223,2.21365,2.13706,2.05585,1.9961,1.9264,1.88531,1.82492,1.7668,1.74129,1.68667,1.64533,1.61725,1.57451,1.53495,1.50145
1.57566,1.61182,1.65368,1.69181,1.7328,1.79277,1.81224,1.87805,1.93515,1.98532,2.05999,2.12964,2.1792,2.16487,2.14253,2.12322,2.10923,2.09324,2.08232,2.07656,2.0625,2.05653,2.02688,2.02187,2.01775,2.01041,1.99108,2.00279,1.98181,1.97438,1.96163,1.95974,1.96448,1.96016,1.96671,1.94823,1.94399,1.94375,1.96087,1.94638,1.94321,1.93981,1.9524,1.94929,1.94376,1.95082,1.96082,1.96789,1.96053,1.98111,1.96895,1.99735,2.00259,2.0057,2.01792,2.02207,2.0481,2.04731,2.06127,2.06727,2.08582,2.10718,2.11212,2.13113,2.15424,2.16212,2.12507,2.06659,2.00529,1.94255,1.87359,1.83238,1.77887,1.73653,1.69058,1.65128,1.61126,1.56991,1.54966,1.51527
1.57336,1.61356,1.65109,1.70128,1.73939,1.78101,1.81816,1.87732,1.93419,1.99249,2.04236,2.12632,2.13018,2.1216,2.08758,2.07201,2.06921,2.04719,2.03582,2.02704,2.00347,1.98732,1.98589,1.96983,1.95865,1.94892,1.94475,1.93874,1.93114,1.92443,1.92247,1.92137,1.90242,1.92418,1.91231,1.90596,1.90681,1.89112,1.89596,1.90178,1.89658,1.90007,1.89468,1.88779,1.9042,1.90723,1.90626,1.90901,1.91465,1.92641,1.93781,1.94616,1.95008,1.9536,1.95442,1.97529,1.98843,1.99704,1.9993,2.01518,2.04628,2.05007,2.06611,2.08096,2.09993,2.11652,2.13048,2.06398,1.99699,1.94239,1.88579,1.82902,1.77915,1.73215,1.68881,1.64522,1.60509,1.57931,1.54406,1.51523
1.57177,1.61034,1.64076,1.68804,1.73699,1.77008,1.82761,1.87189,1.93763,1.99229,2.04975,2.10581,2.08964,2.0638,2.05059,2.04281,2.01426,2.00759,1.98569,1.96932,1.96529,1.95945,1.95028,1.9329,1.91894,1.92763,1.91282,1.89194,1.89138,1.8741,1.88874,1.86932,1.87312,1.87001,1.87049,1.86244,1.86304,1.85804,1.85494,1.85614,1.87328,1.85786,1.85094,1.85809,1.86887,1.87243,1.88159,1.8772,1.88031,1.89323,1.89171,1.89363,1.91058,1.91255,1.92957,1.93391,1.94265,1.94505,1.96305,1.97343,1.98828,2.0057,2.02203,2.04424,2.05827,2.08048,2.09906,2.07083,2.00063,1.93966,1.88813,1.84073,1.77766,1.72738,1.69446,1.65443,1.61953,1.57774,1.5375,1.50815
1.57615,1.60991,1.65612,1.70157,1.73703,1.77839,1.81841,1.87639,1.92149,1.98526,2.04341,2.04262,2.041,2.01772,1.99798,1.97183,1.96607,1.94483,1.93838,1.92283,1.91704,1.91119,1.89331,1.89147,1.87137,1.85695,1.8598,1.8524,1.83031,1.8448,1.82845,1.82906,1.82806,1.81595,1.82882,1.81894,1.81155,1.82219,1.81432,1.81006,1.81415,1.80518,1.80857,1.81073,1.81421,1.81348,1.82328,1.80934,1.83219,1.83591,1.8439,1.84592,1.86161,1.86865,1.87974,1.88975,1.89523,1.90907,1.91182,1.92831,1.94413,1.95113,1.96953,1.98506,2.00227,2.02178,2.03251,2.0552,1.99896,1.9424,1.89301,1.8353,1.78813,1.72856,1.68941,1.66312,1.61752,1.58179,1.53691,1.51562
1.57815,1.61671,1.65374,1.68664,1.72963,1.77835,1.83215,1.87346,1.92606,1.98284,2.0151,1.99022,1.97875,1.95625,1.94657,1.9328,1.90187,1.89743,1.87989,1.87375,1.86235,1.84169,1.84494,1.83481,1.82354,1.81435,1.81035,1.797,1.79587,1.78599,1.77971,1.77044,1.77286,1.76875,1.76401,1.7656,1.7578,1.76855,1.76181,1.76709,1.7545,1.76249,1.75729,1.77001,1.77886,1.77417,1.78081,1.77788,1.78506,1.79095,1.79335,1.8073,1.80769,1.81793,1.8237,1.83338,1.83737,1.85846,1.86135,1.87906,1.8943,1.89598,1.9108,1.93104,1.9501,1.96799,1.97688,1.99666,2.01652,1.9372,1.8963,1.83629,1.7841,1.74479,1.69624,1.6616,1.62005,1.59317,1.54678,1.50176
1.57282,1.61267,1.64068,1.69067,1.72829,1.77986,1.80906,1.8675,1.91398,1.9733,1.94186,1.92532,1.9072,1.89467,1.87031,1.86203,1.84401,1.83658,1.82197,1.80811,1.79435,1.78707,1.7916,1.77339,1.76914,1.7577,1.73016,1.7529,1.72656,1.72806,1.71742,1.72108,1.71536,1.70873,1.69891,1.70865,1.69755,1.71005,1.6947,1.68517,1.7052,1.69757,1.70714,1.71369,1.71456,1.7053,1.70998,1.72282,1.72766,1.71885,1.73518,1.73479,1.74746,1.76104,1.75246,1.76133,1.78031,1.78901,1.79473,1.81527,1.8147,1.84025,1.85607,1.86434,1.8772,1.88793,1.90871,1.92284,1.94717,1.95772,1.89187,1.83987,1.79209,1.74612,1.70114,1.65533,1.62596,1.58222,1.54804,1.52286
1.56951,1.60744,1.64055,1.67922,1.731,1.77476,1.8179,1.86815,1.91104,1.90194,1.88173,1.86288,1.83868,1.82866,1.82523,1.80981,1.79133,1.76931,1.76554,1.75165,1.7381,1.72948,1.71427,1.71774,1.69719,1.69686,1.68708,1.68309,1.67943,1.67071,1.66776,1.65592,1.64532,1.64343,1.65364,1.64193,1.64632,1.63519,1.64515,1.64843,1.64445,1.64306,1.64792,1.65055,1.6441,1.65489,1.67006,1.65208,1.66855,1.66629,1.68418,1.6902,1.68857,1.6912,1.68826,1.70084,1.72019,1.72636,1.72975,1.75287,1.74858,1.76332,1.77902,1.79452,1.81958,1.83232,1.85548,1.86812,1.8843,1.89055,1.89279,1.83092,1.78156,1.73652,1.70872,1.65484,1.62189,1.58431,1.54067,1.51244
1.57141,1.61548,1.6492,1.68735,1.72567,1.76944,1.81176,1.86276,1.85059,1.84305,1.82635,1.79925,1.79071,1.76759,1.75764,1.74187,1.72145,1.71321,1.70045,1.69298,1.69191,1.66964,1.66903,1.6597,1.63813,1.63993,1.63632,1.62354,1.61431,1.61563,1.61618,1.60046,1.60013,1.59319,1.59411,1.5905,1.60291,1.59685,1.59264,1.59831,1.59529,1.59307,1.59097,1.60736,1.60077,1.59526,1.59989,1.59813,1.61116,1.60952,1.62353,1.62415,1.63076,1.63933,1.64831,1.64667,1.66081,1.65253,1.67182,1.69134,1.69618,1.72754,1.72434,1.74433,1.7471,1.77176,1.78074,1.79913,1.82031,1.83803,1.86443,1.84589,1.78495,1.72918,1.69875,1.65802,1.62966,1.58853,1.54558,1.51505
1.57931,1.61534,1.63671,1.68815,1.72514,1.7723,1.81692,1.83137,1.80139,1.7834,1.78703,1.75179,1.74084,1.72707,1.71363,1.69375,1.68668,1.66491,1.66799,1.65141,1.62908,1.63358,1.62465,1.60014,1.59576,1.59889,1.59062,1.57864,1.56833,1.57639,1.5665,1.55745,1.56098,1.56055,1.55342,1.54217,1.55863,1.54763,1.5538,1.54506,1.54687,1.54891,1.54882,1.5551,1.54748,1.55771,1.56223,1.55998,1.56625,1.58022,1.58706,1.57417,1.586,1.58315,1.60364,1.6003,1.62243,1.62414,1.63901,1.654,1.66009,1.66728,1.68834,1.68784,1.69498,1.722,1.73305,1.75378,1.77031,1.78815,1.80818,1.82566,1.78368,1.74433,1.70716,1.65691,1.61624,1.58182,1.54726,1.5219
1.57089,1.62248,1.65901,1.69278,1.71633,1.76689,1.78325,1.77185,1.74791,1.73782,1.71191,1.69798,1.67511,1.65522,1.63834,1.63952,1.62925,1.61266,1.59535,1.60063,1.5693,1.57542,1.56497,1.55575,1.54944,1.5396,1.53467,1.53182,1.53048,1.51624,1.50982,1.51744,1.51739,1.50674,1.50954,1.50183,1.49432,1.50157,1.50178,1.49602,1.49661,1.50265,1.49815,1.50174,1.50014,1.4958,1.50732,1.51055,1.51942,1.51377,1.51694,1.52054,1.53466,1.5467,1.54812,1.55806,1.56085,1.56031,1.57898,1.59191,1.60488,1.61044,1.62671,1.64114,1.65687,1.67449,1.66355,1.69706,1.71334,1.73767,1.75187,1.76095,1.77042,1.74287,1.69735,1.65231,1.61522,1.58444,1.54289,1.51881
1.57027,1.61967,1.65568,1.69815,1.72622,1.75466,1.72669,1.71594,1.68997,1.68302,1.66756,1.64898,1.6279,1.61425,1.59793,1.58679,1.589,1.5752,1.55647,1.54013,1.53979,1.52,1.51792,1.52233,1.49451,1.49778,1.49431,1.47702,1.47321,1.47007,1.47059,1.46793,1.46167,1.46219,1.45833,1.46046,1.45771,1.45758,1.44929,1.44884,1.45356,1.44492,1.44786,1.46321,1.45335,1.45907,1.46407,1.46501,1.47199,1.47107,1.47368,1.4755,1.48492,1.49713,1.50306,1.5016,1.51872,1.52777,1.53303,1.5494,1.55231,1.56898,1.57801,1.59773,1.60101,1.60866,1.62423,1.64449,1.66595,1.68166,1.68901,1.7214,1.72605,1.73976,1.68613,1.65621,1.62136,1.57451,1.54244,1.51359
1.5821,1.61517,1.65734,1.68571,1.71491,1.71513,1.67899,1.65563,1.64444,1.62431,1.60763,1.59361,1.56911,1.57473,1.54543,1.54569,1.5301,1.51971,1.5051,1.49547,1.49552,1.48289,1.47918,1.46342,1.45248,1.44488,1.44867,1.43403,1.43196,1.42873,1.42554,1.43053,1.41504,1.40929,1.41123,1.41953,1.41612,1.40779,1.398,1.41274,1.42319,1.40044,1.41095,1.41379,1.40696,1.41413,1.42192,1.41794,1.42311,1.43064,1.42861,1.44074,1.43625,1.44678,1.4665,1.45862,1.48324,1.46553,1.48549,1.48888,1.50601,1.52319,1.53328,1.54016,1.55651,1.56421,1.57843,1.6035,1.6157,1.62514,1.64322,1.66542,1.67411,1.70887,1.693,1.6423,1.61067,1.5763,1.55114,1.52322
1.5762,1.61125,1.66478,1.68178,1.67176,1.64426,1.63084,1.62274,1.60084,1.57206,1.56031,1.55037,1.53374,1.51721,1.51591,1.4897,1.47932,1.47488,1.45555,1.43581,1.44159,1.43344,1.43763,1.41463,1.40959,1.41484,1.39936,1.4021,1.39078,1.38343,1.3753,1.38584,1.36627,1.36131,1.36843,1.36587,1.36307,1.36167,1.37365,1.36148,1.37167,1.3636,1.37137,1.36494,1.36539,1.36983,1.3664,1.37202,1.38791,1.37682,1.38992,1.38104,1.39354,1.39829,1.41728,1.42189,1.42726,1.44041,1.43402,1.45506,1.46049,1.46418,1.47515,1.50503,1.51163,1.51964,1.52468,1.54702,1.55413,1.58041,1.5823,1.60847,1.62703,1.64901,1.66796,1.65415,1.60766,1.59176,1.54761,1.51216
1.58855,1.61538,1.64586,1.6368,1.61146,1.60394,1.58045,1.55968,1.53913,1.52848,1.50593,1.50121,1.48732,1.47044,1.45928,1.44564,1.43144,1.43291,1.4182,1.39831,1.39355,1.38625,1.38893,1.37736,1.37164,1.35116,1.36139,1.34116,1.34747,1.33486,1.33498,1.32313,1.32854,1.32226,1.31135,1.32051,1.32255,1.31994,1.31347,1.30921,1.32201,1.32674,1.32194,1.32487,1.31479,1.32609,1.33102,1.32549,1.33602,1.32976,1.34567,1.34767,1.35813,1.35637,1.36306,1.37002,1.37124,1.39338,1.39952,1.39938,1.39756,1.42123,1.43282,1.45807,1.46512,1.4739,1.48935,1.49285,1.51129,1.53091,1.53862,1.55707,1.5818,1.60491,1.60754,1.62377,1.60895,1.58527,1.53651,1.50729
1.57699,1.61265,1.5956,1.58173,1.56335,1.5437,1.5355,1.51465,1.48818,1.4754,1.45933,1.45393,1.43454,1.42337,1.4032,1.38946,1.38576,1.36954,1.36927,1.35184,1.35339,1.33511,1.33359,1.32991,1.33166,1.31495,1.31542,1.29878,1.31101,1.29835,1.29794,1.30519,1.28504,1.28452,1.28919,1.28096,1.27063,1.27479,1.27322,1.27307,1.267,1.28062,1.27013,1.27212,1.29304,1.27584,1.28816,1.28972,1.29699,1.29251,1.29517,1.29442,1.31004,1.32199,1.32359,1.32896,1.32629,1.3359,1.3524,1.3476,1.37304,1.36738,1.3808,1.39725,1.42089,1.41515,1.44019,1.44564,1.46618,1.47195,1.49793,1.50469,1.51544,1.53684,1.56381,1.58243,1.59421,1.58581,1.54277,1.50142
1.57519,1.56203,1.53571,1.51242,1.49034,1.47957,1.46064,1.44494,1.4308,1.41112,1.40127,1.39163,1.37717,1.36415,1.34545,1.34912,1.33063,1.31689,1.30997,1.30837,1.29049,1.27924,1.27263,1.26857,1.25261,1.26777,1.26149,1.23521,1.2432,1.23803,1.2299,1.23742,1.23353,1.216,1.22189,1.22868,1.21564,1.21483,1.21629,1.22023,1.2213,1.21571,1.23118,1.22578,1.23044,1.23659,1.22916,1.22304,1.23481,1.22959,1.2379,1.24963,1.25401,1.26457,1.25938,1.27572,1.28003,1.27912,1.29393,1.29697,1.31227,1.30243,1.3241,1.33139,1.34539,1.35769,1.37092,1.36986,1.39539,1.41186,1.42276,1.45207,1.46542,1.47108,1.49505,1.51664,1.53284,1.54306,1.54979,1.50162
1.5194,1.48985,1.47204,1.44809,1.43794,1.42372,1.4099,1.3908,1.37123,1.36167,1.35081,1.34028,1.32461,1.30404,1.2949,1.27514,1.27932,1.2754,1.26233,1.24707,1.24797,1.23525,1.23352,1.22268,1.21684,1.2087,1.19901,1.20659,1.19723,1.19964,1.18643,1.18825,1.18179,1.17749,1.17362,1.17592,1.18333,1.17169,1.16645,1.16793,1.17172,1.1764,1.17358,1.16861,1.18122,1.18023,1.18197,1.18212,1.18018,1.19901,1.20134,1.20716,1.20409,1.21641,1.2174,1.22508,1.23201,1.23864,1.2392,1.24594,1.25812,1.271,1.28224,1.28733,1.29465,1.30341,1.31466,1.32942,1.35149,1.35285,1.37559,1.39966,1.396,1.42203,1.43446,1.45083,1.4869,1.50099,1.51041,1.50194
1.45118,1.4256,1.40592,1.38763,1.37346,1.34426,1.3416,1.3296,1.31279,1.29741,1.27385,1.27346,1.26577,1.25106,1.2504,1.21769,1.22014,1.20897,1.20163,1.1943,1.18133,1.18202,1.16303,1.16129,1.15449,1.15616,1.15762,1.15101,1.14598,1.13407,1.13351,1.12896,1.11975,1.13477,1.13134,1.12005,1.14767,1.11987,1.11377,1.11923,1.1251,1.12517,1.11267,1.13023,1.12147,1.12651,1.13903,1.128,1.14081,1.1421,1.1439,1.14773,1.15018,1.14487,1.15061,1.17061,1.17048,1.1785,1.17615,1.19928,1.19223,1.21186,1.21799,1.22725,1.23774,1.2583,1.25795,1.26846,1.28372,1.29709,1.31146,1.32095,1.33108,1.34746,1.36738,1.3901,1.41742,1.43058,1.45229,1.48207
1.38336,1.36862,1.34614,1.33694,1.32542,1.30463,1.28617,1.28511,1.2562,1.24063,1.21855,1.23221,1.20391,1.19506,1.19103,1.17902,1.17499,1.16684,1.1575,1.14472,1.1436,1.14526,1.12223,1.11315,1.11296,1.11623,1.1172,1.10381,1.09797,1.0951,1.09123,1.08223,1.08509,1.0843,1.08149,1.07426,1.08369,1.06158,1.07956,1.08619,1.0806,1.07421,1.07997,1.08327,1.08142,1.07703,1.09489,1.08277,1.09992,1.09688,1.10458,1.10529,1.10176,1.11036,1.11415,1.12578,1.13297,1.14031,1.13291,1.14849,1.14076,1.16639,1.18357,1.17643,1.18937,1.2045,1.22179,1.20619,1.23641,1.24322,1.25589,1.26899,1.29386,1.30694,1.31595,1.33118,1.35077,1.36862,1.37327,1.40009
1.3587,1.34188,1.30461,1.29486,1.2844,1.25163,1.243,1.23683,1.21631,1.20927,1.21246,1.18536,1.17599,1.16747,1.149,1.13666,1.14709,1.13672,1.12257,1.10239,1.10907,1.09928,1.09272,1.0864,1.08192,1.07033,1.07557,1.07566,1.05384,1.04871,1.04801,1.06275,1.04296,1.03717,1.04966,1.04613,1.04926,1.03908,1.0408,1.0519,1.04456,1.03383,1.04737,1.04406,1.03996,1.04827,1.04924,1.05274,1.04567,1.06616,1.06262,1.06243,1.07628,1.08172,1.08219,1.07496,1.09058,1.10295,1.10236,1.1109,1.12126,1.12686,1.14034,1.15272,1.1548,1.15938,1.17155,1.18666,1.19203,1.21209,1.21201,1.22601,1.24239,1.26912,1.27508,1.29981,1.30791,1.32901,1.34058,1.36775
1.27004,1.2529,1.23942,1.23096,1.20486,1.19431,1.18444,1.17927,1.15757,1.15049,1.13171,1.12536,1.11109,1.10481,1.09678,1.07584,1.06998,1.07153,1.07064,1.06278,1.04942,1.0421,1.03318,1.03036,1.01757,1.0153,1.01325,0.999635,1.00929,0.998328,1.00419,0.991711,0.988482,1.0021,0.98766,0.989028,0.982155,0.979136,0.98425,0.983776,0.981796,0.999,0.982349,1.0009,0.98617,0.98568,0.99769,0.997147,1.00021,0.998233,1.00254,1.01221,1.00541,1.02406,1.03877,1.03644,1.02928,1.04966,1.03962,1.03987,1.0588,1.07192,1.08349,1.08373,1.0842,1.1078,1.10577,1.12404,1.13886,1.14592,1.1647,1.16636,1.17269,1.20046,1.20963,1.2238,1.24539,1.25503,1.28841,1.28912
1.23219,1.22173,1.20209,1.18164,1.16856,1.1526,1.14671,1.11764,1.11769,1.10534,1.08778,1.07823,1.07217,1.06697,1.06682,1.05491,1.03273,1.0336,1.03593,1.01981,1.0246,1.00722,1.00431,0.988266,0.99687,0.984951,0.970335,0.983714,0.977039,0.962815,0.965283,0.961712,0.965244,0.963612,0.955976,0.962196,0.959837,0.945826,0.961057,0.956789,0.955216,0.95321,0.9602,0.950086,0.952077,0.961844,0.957583,0.964459,0.964058,0.970232,0.985619,0.979255,0.986368,0.98538,0.993967,0.99134,0.992824,1.00967,1.00025,1.01586,1.03587,1.01965,1.03551,1.05502,1.05236,1.06199,1.07839,1.08389,1.09298,1.10911,1.11012,1.13239,1.13296,1.14968,1.15885,1.18662,1.19069,1.22694,1.23226,1.24839
1.13274,1.11665,1.09901,1.08155,1.07337,1.06403,1.04219,1.0409,1.01573,1.01821,1.00837,0.998782,0.988117,0.98505,0.963529,0.953323,0.948891,0.940533,0.942997,0.937007,0.928935,0.929106,0.916801,0.913356,0.918453,0.899659,0.89638,0.905032,0.89164,0.890904,0.895182,0.891253,0.87679,0.89422,0.872286,0.882288,0.886918,0.881707,0.870159,0.876347,0.877244,0.887058,0.878011,0.891164,0.879255,0.896022,0.883133,0.901343,0.8871,0.896676,0.89832,0.895075,0.8972,0.906945,0.907237,0.912449,0.915913,0.925359,0.928905,0.937174,0.945365,0.948171,0.95919,0.964436,0.975256,0.979468,0.981043,0.991471,1.00716,1.02586,1.02461,1.0386,1.04763,1.05595,1.07524,1.08904,1.10492,1.11021,1.13612,1.16213
1.06637,1.04019,1.03161,1.01727,1.0036,0.991153,0.980423,0.979312,0.967112,0.960405,0.943963,0.938329,0.932978,0.923592,0.918142,0.908363,0.892087,0.880606,0.890461,0.882281,0.863943,0.865711,0.864648,0.848283,0.844607,0.840176,0.852503,0.836541,0.836562,0.837043,0.834794,0.826262,0.829458,0.83213,0.818206,0.826215,0.82831,0.831859,0.829705,0.820714,0.829245,0.827472,0.831979,0.841919,0.824426,0.815757,0.832448,0.830065,0.836753,0.833373,0.843037,0.849498,0.856223,0.846355,0.854976,0.852561,0.855201,0.873122,0.864569,0.873235,0.88731,0.890608,0.88909,0.898531,0.910385,0.903514,0.933141,0.941272,0.94371,0.959975,0.96171,0.980881,0.989434,0.991372,1.01135,1.02542,1.03412,1.04951,1.06354,1.0725
1.00961,0.984493,0.982567,0.967697,0.962754,0.937704,0.927426,0.9277,0.915893,0.905093,0.900369,0.89505,0.882773,0.868736,0.867921,0.859972,0.847767,0.848326,0.828581,0.836055,0.82887,0.811555,0.817996,0.8109,0.803356,0.796834,0.797887,0.797805,0.790882,0.797703,0.789599,0.785733,0.782253,0.786268,0.785989,0.77369,0.774038,0.779105,0.778851,0.775138,0.779418,0.778177,0.77885,0.787014,0.778979,0.782408,0.776866,0.788186,0.79141,0.791642,0.79803,0.799609,0.789786,0.804163,0.814082,0.810273,0.824117,0.817924,0.822533,0.823486,0.82935,0.842156,0.838713,0.854655,0.865805,0.869027,0.86756,0.876887,0.891991,0.915977,0.909674,0.915608,0.937176,0.941794,0.949542,0.966344,0.976451,0.986399,0.99795,1.02084
0.956336,0.93699,0.927673,0.913697,0.890087,0.880573,0.878739,0.888743,0.865433,0.846187,0.842106,0.835651,0.830693,0.818561,0.815078,0.804298,0.797093,0.79765,0.785457,0.785386,0.785259,0.768188,0.758399,0.761543,0.764669,0.756548,0.75451,0.759441,0.754591,0.750869,0.737211,0.747138,0.737141,0.738816,0.747381,0.734251,0.744009,0.74479,0.739171,0.72532,0.732575,0.737654,0.736362,0.734409,0.732949,0.737933,0.7377,0.740701,0.739541,0.747313,0.748512,0.754848,0.75062,0.760281,0.766394,0.770315,0.767241,0.777843,0.793847,0.781331,0.791427,0.796618,0.79449,0.803693,0.818052,0.826426,0.822528,0.838984,0.851157,0.84747,0.861358,0.85712,0.881004,0.886557,0.894949,0.904611,0.92745,0.9297,0.954382,0.959199
0.902322,0.897243,0.875839,0.862183,0.856748,0.849482,0.834516,0.838058,0.817579,0.804046,0.815458,0.804918,0.800918,0.796686,0.78733,0.767625,0.764968,0.75447,0.755802,0.747582,0.754805,0.750752,0.731233,0.723306,0.735207,0.720233,0.728047,0.719365,0.707012,0.714605,0.718048,0.711676,0.707928,0.71182,0.69926,0.698573,0.704748,0.704447,0.70556,0.712465,0.705676,0.718328,0.702956,0.710268,0.694292,0.706712,0.706869,0.716484,0.713393,0.712568,0.727991,0.72197,0.725915,0.722424,0.742388,0.725993,0.737689,0.736991,0.74747,0.745176,0.755486,0.757319,0.762153,0.773664,0.772741,0.777345,0.784542,0.798598,0.802346,0.822661,0.822083,0.819778,0.836809,0.840169,0.85374,0.879814,0.879241,0.892052,0.895583,0.922342
0.842369,0.825927,0.804958,0.812766,0.798765,0.794387,0.771196,0.771542,0.754415,0.756411,0.73981,0.732395,0.71622,0.730363,0.716046,0.711982,0.704645,0.687269,0.691941,0.674536,0.682698,0.674967,0.683064,0.668934,0.679385,0.669736,0.67638,0.667407,0.665098,0.656996,0.651913,0.654403,0.653902,0.636612,0.647266,0.648854,0.645621,0.642665,0.653688,0.653287,0.647921,0.646674,0.647783,0.648667,0.651783,0.655446,0.658371,0.653646,0.658982,0.65719,0.653053,0.668003,0.661743,0.672789,0.685454,0.667357,0.679888,0.685353,0.694818,0.689417,0.691411,0.699537,0.703397,0.704464,0.705706,0.723391,0.721078,0.722803,0.735212,0.746728,0.756388,0.761603,0.781117,0.7684,0.796593,0.809478,0.810445,0.825415,0.850792,0.850082
0.732751,0.713363,0.715421,0.70372,0.692995,0.688277,0.679531,0.676657,0.655761,0.657165,0.661105,0.64547,0.649534,0.62915,0.624431,0.616677,0.629815,0.620527,0.62178,0.602305,0.604862,0.601262,0.593542,0.598819,0.599355,0.589374,0.591249,0.596868,0.583564,0.580534,0.593439,0.567635,0.571061,0.569508,0.567437,0.569681,0.574982,0.568187,0.573159,0.567098,0.558512,0.575662,0.575284,0.571913,0.576683,0.570874,0.578942,0.577071,0.579278,0.580021,0.579897,0.582815,0.597797,0.586537,0.587231,0.58232,0.606128,0.610094,0.600039,0.598544,0.611318,0.620389,0.622171,0.625381,0.636116,0.631307,0.647697,0.648717,0.647264,0.653783,0.67346,0.671689,0.682102,0.69263,0.700503,0.702783,0.718318,0.726806,0.738609,0.742672
0.654411,0.654705,0.65007,0.640975,0.628139,0.62092,0.614757,0.616502,0.598273,0.599035,0.576871,0.578748,0.585606,0.577009,0.573676,0.556783,0.554676,0.555211,0.566315,0.547854,0.549023,0.557267,0.548597,0.533637,0.526699,0.528924,0.526028,0.526653,0.523229,0.513437,0.520682,0.514626,0.520262,0.515126,0.522983,0.50423,0.519139,0.514625,0.517644,0.511551,0.513663,0.505729,0.518647,0.516127,0.512812,0.522106,0.514749,0.528254,0.517531,0.52054,0.526256,0.522852,0.530442,0.532247,0.535985,0.542204,0.540305,0.538928,0.544675,0.554735,0.546918,0.565816,0.562411,0.573885,0.563705,0.577991,0.587741,0.586421,0.586347,0.590198,0.603922,0.606256,0.619424,0.620377,0.626522,0.645618,0.652795,0.658376,0.670969,0.683771
0.611484,0.601171,0.591998,0.574226,0.579607,0.575143,0.564325,0.559987,0.549694,0.55187,0.542047,0.540162,0.537827,0.533634,0.524396,0.511288,0.519985,0.500258,0.504164,0.509017,0.49403,0.49436,0.501068,0.488991,0.483989,0.483927,0.486859,0.474334,0.482668,0.47687,0.474829,0.478794,0.479691,0.470899,0.478587,0.472848,0.473708,0.48139,0.470395,0.465445,0.469531,0.473315,0.46578,0.466198,0.472497,0.474371,0.473074,0.485285,0.477322,0.482635,0.4882,0.484549,0.48201,0.49536,0.497184,0.50293,0.486645,0.486477,0.501296,0.503208,0.511086,0.509901,0.514294,0.511987,0.514776,0.523326,0.524485,0.541648,0.538273,0.527956,0.549102,0.561144,0.565001,0.572281,0.575578,0.585447,0.598097,0.591246,0.597956,0.610378
0.534003,0.542343,0.54115,0.527501,0.523123,0.50571,0.503406,0.509629,0.506051,0.502378,0.499063,0.490489,0.474879,0.476538,0.473824,0.471,0.468835,0.466998,0.456589,0.45107,0.447973,0.448185,0.456753,0.445362,0.44446,0.442651,0.432613,0.443377,0.424878,0.428875,0.43919,0.437621,0.425905,0.425167,0.435561,0.421158,0.429212,0.436652,0.442388,0.422254,0.428727,0.431789,0.422454,0.427264,0.437585,0.42532,0.424245,0.438181,0.434785,0.43346,0.435597,0.425012,0.435042,0.448833,0.445527,0.446337,0.447894,0.455383,0.451237,0.461028,0.456241,0.468277,0.463555,0.467305,0.467607,0.473908,0.48908,0.489069,0.494552,0.497826,0.506499,0.512998,0.515617,0.517102,0.526167,0.529758,0.545755,0.541903,0.548751,0.553647
0.488788,0.465544,0.468326,0.466622,0.461829,0.448032,0.447158,0.439188,0.428414,0.430647,0.431163,0.429158,0.411862,0.427651,0.413709,0.41272,0.408521,0.405742,0.416156,0.390899,0.399863,0.403716,0.391719,0.391465,0.380613,0.380556,0.379148,0.387185,0.38254,0.38434,0.387532,0.383238,0.367559,0.394883,0.373251,0.375202,0.375609,0.367862,0.372483,0.369928,0.37056,0.373519,0.364098,0.384914,0.365769,0.375324,0.368435,0.374609,0.377571,0.37797,0.378985,0.38235,0.374918,0.382027,0.385712,0.391287,0.398177,0.393012,0.392874,0.394216,0.39979,0.414647,0.4081,0.409839,0.410929,0.422707,0.420296,0.421017,0.422632,0.423527,0.436828,0.449306,0.437879,0.450987,0.458104,0.464545,0.468241,0.46896,0.487848,0.484607
0.409619,0.407444,0.39246,0.399508,0.396404,0.385484,0.377156,0.376856,0.365126,0.374662,0.376535,0.35465,0.356887,0.352614,0.343584,0.340618,0.349679,0.349915,0.350546,0.35096,0.336699,0.343423,0.334094,0.343287,0.33327,0.331402,0.326474,0.31963,0.332959,0.331914,0.316952,0.328654,0.315728,0.325582,0.321744,0.323698,0.315555,0.324262,0.312752,0.324933,0.319241,0.305667,0.315814,0.315029,0.320841,0.327059,0.321405,0.319678,0.315054,0.315609,0.323609,0.325192,0.330835,0.320204,0.321159,0.322641,0.33721,0.334125,0.327725,0.335407,0.354717,0.346783,0.335455,0.341806,0.342933,0.352616,0.356972,0.352891,0.359919,0.359921,0.367596,0.379585,0.378741,0.381826,0.390495,0.393319,0.404266,0.398973,0.404068,0.416469
